"August 16, 2017 at 09:31AM",,"https://maps.google.com/?q=50.4137910801973,-4.13057565689866&z=17"
"August 17, 2017 at 09:16AM",,"https://maps.google.com/?q=50.4137910801973,-4.13057565689866&z=17"
"August 17, 2017 at 12:28PM",,"https://maps.google.com/?q=50.4137910801973,-4.13057565689866&z=17"
"August 18, 2017 at 09:18AM",,"https://maps.google.com/?q=50.4137910801973,-4.13057565689866&z=17"
"September 04, 2017 at 09:21AM",,"https://maps.google.com/?q=50.4137910801973,-4.13057565689866&z=17"
"September 05, 2017 at 09:19AM",,"https://maps.google.com/?q=50.4137910801973,-4.13057565689866&z=17"
"September 06, 2017 at 09:08AM",,"https://maps.google.com/?q=50.4137910801973,-4.13057565689866&z=17"
"September 07, 2017 at 09:19AM",,"https://maps.google.com/?q=50.4137910801973,-4.13057565689866&z=17"
"September 08, 2017 at 09:17AM",,"https://maps.google.com/?q=50.4137910801973,-4.13057565689866&z=17"
"September 11, 2017 at 09:14AM",,"https://maps.google.com/?q=50.4137910801973,-4.13057565689866&z=17"
"September 12, 2017 at 09:11AM",,"https://maps.google.com/?q=50.4137910801973,-4.13057565689866&z=17"
"September 12, 2017 at 12:20PM",,"https://maps.google.com/?q=50.4137910801973,-4.13057565689866&z=17"
"September 13, 2017 at 09:22AM",,"https://maps.google.com/?q=50.4137910801973,-4.13057565689866&z=17"
"September 14, 2017 at 09:26AM",,"https://maps.google.com/?q=50.4137910801973,-4.13057565689866&z=17"
"September 15, 2017 at 09:31AM",,"https://maps.google.com/?q=50.4137910801973,-4.13057565689866&z=17"
"September 18, 2017 at 09:19AM",,"https://maps.google.com/?q=50.4137910801973,-4.13057565689866&z=17"
"September 19, 2017 at 09:14AM",,"https://maps.google.com/?q=50.4137910801973,-4.13057565689866&z=17"
"September 20, 2017 at 09:17AM",,"https://maps.google.com/?q=50.4137910801973,-4.13057565689866&z=17"
"September 21, 2017 at 09:15AM",,"https://maps.google.com/?q=50.4137910801973,-4.13057565689866&z=17"
"September 21, 2017 at 12:58PM",,"https://maps.google.com/?q=50.4137910801973,-4.13057565689866&z=17"
"September 22, 2017 at 09:18AM",,"https://maps.google.com/?q=50.4137910801973,-4.13057565689866&z=17"
"September 22, 2017 at 12:44PM",,"https://maps.google.com/?q=50.4137910801973,-4.13057565689866&z=17"
"September 22, 2017 at 12:51PM",,"https://maps.google.com/?q=50.4137910801973,-4.13057565689866&z=17"
"September 26, 2017 at 09:19AM",,"https://maps.google.com/?q=50.4137910801973,-4.13057565689866&z=17"
"September 27, 2017 at 09:18AM",,"https://maps.google.com/?q=50.4137910801973,-4.13057565689866&z=17"
"September 28, 2017 at 09:17AM",,"https://maps.google.com/?q=50.4137910801973,-4.13057565689866&z=17"
"September 29, 2017 at 09:11AM",,"https://maps.google.com/?q=50.4137910801973,-4.13057565689866&z=17"
"September 29, 2017 at 01:28PM",,"https://maps.google.com/?q=50.4137910801973,-4.13057565689866&z=17"
"October 02, 2017 at 09:21AM",,"https://maps.google.com/?q=50.4137910801973,-4.13057565689866&z=17"
"October 02, 2017 at 12:48PM",,"https://maps.google.com/?q=50.4137910801973,-4.13057565689866&z=17"
"October 02, 2017 at 12:52PM",,"https://maps.google.com/?q=50.4137910801973,-4.13057565689866&z=17"
"October 05, 2017 at 09:22AM",,"https://maps.google.com/?q=50.4137910801973,-4.13057565689866&z=17"
"October 06, 2017 at 09:24AM",,"https://maps.google.com/?q=50.4137910801973,-4.13057565689866&z=17"
"October 09, 2017 at 09:23AM",,"https://maps.google.com/?q=50.4137910801973,-4.13057565689866&z=17"
"October 11, 2017 at 09:21AM",,"https://maps.google.com/?q=50.4137910801973,-4.13057565689866&z=17"
"October 12, 2017 at 09:16AM",,"https://maps.google.com/?q=50.4137910801973,-4.13057565689866&z=17"
"October 13, 2017 at 12:36PM",,"https://maps.google.com/?q=50.4137910801973,-4.13057565689866&z=17"
"October 16, 2017 at 09:22AM",,"https://maps.google.com/?q=50.4137910801973,-4.13057565689866&z=17"
"October 16, 2017 at 01:18PM",,"https://maps.google.com/?q=50.4137910801973,-4.13057565689866&z=17"
"October 16, 2017 at 01:24PM",,"https://maps.google.com/?q=50.4137910801973,-4.13057565689866&z=17"
"October 17, 2017 at 09:28AM",,"https://maps.google.com/?q=50.4137910801973,-4.13057565689866&z=17"
"October 17, 2017 at 12:40PM",,"https://maps.google.com/?q=50.4137910801973,-4.13057565689866&z=17"
"October 18, 2017 at 09:19AM",,"https://maps.google.com/?q=50.4137910801973,-4.13057565689866&z=17"
"October 19, 2017 at 09:15AM",,"https://maps.google.com/?q=50.4137910801973,-4.13057565689866&z=17"
"October 20, 2017 at 09:17AM",,"https://maps.google.com/?q=50.4137910801973,-4.13057565689866&z=17"
"October 30, 2017 at 09:53AM",,"https://maps.google.com/?q=50.4137910801973,-4.13057565689866&z=17"
"October 31, 2017 at 09:19AM",,"https://maps.google.com/?q=50.4137910801973,-4.13057565689866&z=17"
"November 01, 2017 at 09:22AM",,"https://maps.google.com/?q=50.4137910801973,-4.13057565689866&z=17"
"November 02, 2017 at 09:22AM",,"https://maps.google.com/?q=50.4137910801973,-4.13057565689866&z=17"
"November 03, 2017 at 09:23AM",,"https://maps.google.com/?q=50.4137910801973,-4.13057565689866&z=17"
"November 06, 2017 at 09:37AM",,"https://maps.google.com/?q=50.4137910801973,-4.13057565689866&z=17"
"November 06, 2017 at 05:36PM",,"https://maps.google.com/?q=50.4137910801973,-4.13057565689866&z=17"
"November 21, 2017 at 09:20AM",,"https://maps.google.com/?q=50.4137910801973,-4.13057565689866&z=17"
"November 22, 2017 at 09:23AM",,"https://maps.google.com/?q=50.4137910801973,-4.13057565689866&z=17"
"November 23, 2017 at 09:19AM",,"https://maps.google.com/?q=50.4137910801973,-4.13057565689866&z=17"
"November 24, 2017 at 09:18AM",,"https://maps.google.com/?q=50.4137910801973,-4.13057565689866&z=17"
"November 27, 2017 at 09:13AM",,"https://maps.google.com/?q=50.4137910801973,-4.13057565689866&z=17"
"November 28, 2017 at 09:32AM",,"https://maps.google.com/?q=50.4137910801973,-4.13057565689866&z=17"
"November 28, 2017 at 12:48PM",,"https://maps.google.com/?q=50.4137910801973,-4.13057565689866&z=17"
"November 29, 2017 at 09:17AM",,"https://maps.google.com/?q=50.4137910801973,-4.13057565689866&z=17"
"December 01, 2017 at 09:09AM",,"https://maps.google.com/?q=50.4137910801973,-4.13057565689866&z=17"
"December 01, 2017 at 12:41PM",,"https://maps.google.com/?q=50.4137910801973,-4.13057565689866&z=17"
"December 01, 2017 at 01:01PM",,"https://maps.google.com/?q=50.4137910801973,-4.13057565689866&z=17"
"December 04, 2017 at 09:16AM",,"https://maps.google.com/?q=50.4137910801973,-4.13057565689866&z=17"
"December 07, 2017 at 09:22AM",,"https://maps.google.com/?q=50.4137910801973,-4.13057565689866&z=17"
"December 11, 2017 at 09:08AM",,"https://maps.google.com/?q=50.4137910801973,-4.13057565689866&z=17"
"December 12, 2017 at 12:31PM",,"https://maps.google.com/?q=50.4137910801973,-4.13057565689866&z=17"
"December 12, 2017 at 12:40PM",,"https://maps.google.com/?q=50.4137910801973,-4.13057565689866&z=17"
"December 13, 2017 at 09:12AM",,"https://maps.google.com/?q=50.4137910801973,-4.13057565689866&z=17"
"December 14, 2017 at 09:24AM",,"https://maps.google.com/?q=50.4137910801973,-4.13057565689866&z=17"
"December 15, 2017 at 09:24AM",,"https://maps.google.com/?q=50.4137910801973,-4.13057565689866&z=17"
"December 15, 2017 at 12:43PM",,"https://maps.google.com/?q=50.4137910801973,-4.13057565689866&z=17"
"December 15, 2017 at 12:48PM",,"https://maps.google.com/?q=50.4137910801973,-4.13057565689866&z=17"
"December 18, 2017 at 09:24AM",,"https://maps.google.com/?q=50.4137910801973,-4.13057565689866&z=17"
"December 19, 2017 at 09:07AM",,"https://maps.google.com/?q=50.4137910801973,-4.13057565689866&z=17"
"December 19, 2017 at 02:04PM",,"https://maps.google.com/?q=50.4137910801973,-4.13057565689866&z=17"
"December 19, 2017 at 02:09PM",,"https://maps.google.com/?q=50.4137910801973,-4.13057565689866&z=17"
"December 20, 2017 at 09:14AM",,"https://maps.google.com/?q=50.4137910801973,-4.13057565689866&z=17"
"December 20, 2017 at 12:52PM",,"https://maps.google.com/?q=50.4137910801973,-4.13057565689866&z=17"
"December 21, 2017 at 09:05AM",,"https://maps.google.com/?q=50.4137910801973,-4.13057565689866&z=17"
"December 21, 2017 at 01:07PM",,"https://maps.google.com/?q=50.4137910801973,-4.13057565689866&z=17"
"December 21, 2017 at 01:16PM",,"https://maps.google.com/?q=50.4137910801973,-4.13057565689866&z=17"
"December 22, 2017 at 09:28AM",,"https://maps.google.com/?q=50.4137910801973,-4.13057565689866&z=17"
"December 28, 2017 at 09:43AM",,"https://maps.google.com/?q=50.4137910801973,-4.13057565689866&z=17"
"December 28, 2017 at 09:51AM",,"https://maps.google.com/?q=50.4137910801973,-4.13057565689866&z=17"
"December 29, 2017 at 09:25AM",,"https://maps.google.com/?q=50.4137910801973,-4.13057565689866&z=17"
"January 02, 2018 at 09:23AM",,"https://maps.google.com/?q=50.4137910801973,-4.13057565689866&z=17"
"January 03, 2018 at 09:16AM",,"https://maps.google.com/?q=50.4137910801973,-4.13057565689866&z=17"
"January 03, 2018 at 12:55PM",,"https://maps.google.com/?q=50.4137910801973,-4.13057565689866&z=17"
"January 04, 2018 at 09:02AM",,"https://maps.google.com/?q=50.4137910801973,-4.13057565689866&z=17"
"January 04, 2018 at 12:26PM",,"https://maps.google.com/?q=50.4137910801973,-4.13057565689866&z=17"
"January 04, 2018 at 12:43PM",,"https://maps.google.com/?q=50.4137910801973,-4.13057565689866&z=17"
"January 05, 2018 at 09:15AM",,"https://maps.google.com/?q=50.4137910801973,-4.13057565689866&z=17"
"January 08, 2018 at 09:15AM",,"https://maps.google.com/?q=50.4137910801973,-4.13057565689866&z=17"
"January 08, 2018 at 01:07PM",,"https://maps.google.com/?q=50.4137910801973,-4.13057565689866&z=17"
"January 08, 2018 at 01:29PM",,"https://maps.google.com/?q=50.4137910801973,-4.13057565689866&z=17"
"January 09, 2018 at 09:20AM",,"https://maps.google.com/?q=50.4137910801973,-4.13057565689866&z=17"
"January 10, 2018 at 09:23AM",,"https://maps.google.com/?q=50.4137910801973,-4.13057565689866&z=17"
"January 11, 2018 at 09:27AM",,"https://maps.google.com/?q=50.4137910801973,-4.13057565689866&z=17"
"January 12, 2018 at 09:22AM",,"https://maps.google.com/?q=50.4137910801973,-4.13057565689866&z=17"
"January 15, 2018 at 09:38AM",,"https://maps.google.com/?q=50.4137910801973,-4.13057565689866&z=17"
"January 15, 2018 at 01:45PM",,"https://maps.google.com/?q=50.4137910801973,-4.13057565689866&z=17"
"January 15, 2018 at 01:51PM",,"https://maps.google.com/?q=50.4137910801973,-4.13057565689866&z=17"
"January 16, 2018 at 09:30AM",,"https://maps.google.com/?q=50.4137910801973,-4.13057565689866&z=17"
"January 17, 2018 at 09:12AM",,"https://maps.google.com/?q=50.4137910801973,-4.13057565689866&z=17"
"January 18, 2018 at 09:14AM",,"https://maps.google.com/?q=50.4137910801973,-4.13057565689866&z=17"
"January 19, 2018 at 09:05AM",,"https://maps.google.com/?q=50.4137910801973,-4.13057565689866&z=17"
"January 22, 2018 at 09:25AM",,"https://maps.google.com/?q=50.4137910801973,-4.13057565689866&z=17"
"January 22, 2018 at 02:00PM",,"https://maps.google.com/?q=50.4137910801973,-4.13057565689866&z=17"
"January 23, 2018 at 09:23AM",,"https://maps.google.com/?q=50.4137910801973,-4.13057565689866&z=17"
"January 24, 2018 at 09:29AM",,"https://maps.google.com/?q=50.4137910801973,-4.13057565689866&z=17"
"January 24, 2018 at 01:27PM",,"https://maps.google.com/?q=50.4137910801973,-4.13057565689866&z=17"
"January 24, 2018 at 01:40PM",,"https://maps.google.com/?q=50.4137910801973,-4.13057565689866&z=17"
"January 25, 2018 at 09:15AM",,"https://maps.google.com/?q=50.4137910801973,-4.13057565689866&z=17"
"January 26, 2018 at 09:21AM",,"https://maps.google.com/?q=50.4137910801973,-4.13057565689866&z=17"
"January 26, 2018 at 01:46PM",,"https://maps.google.com/?q=50.4137910801973,-4.13057565689866&z=17"
"January 29, 2018 at 09:21AM",,"https://maps.google.com/?q=50.4137910801973,-4.13057565689866&z=17"
"January 30, 2018 at 09:15AM",,"https://maps.google.com/?q=50.4137910801973,-4.13057565689866&z=17"
"January 31, 2018 at 09:08AM",,"https://maps.google.com/?q=50.4137910801973,-4.13057565689866&z=17"
"January 31, 2018 at 01:43PM",,"https://maps.google.com/?q=50.4137910801973,-4.13057565689866&z=17"
"January 31, 2018 at 02:00PM",,"https://maps.google.com/?q=50.4137910801973,-4.13057565689866&z=17"
"February 01, 2018 at 09:11AM",,"https://maps.google.com/?q=50.4137910801973,-4.13057565689866&z=17"
"February 02, 2018 at 09:17AM",,"https://maps.google.com/?q=50.4137910801973,-4.13057565689866&z=17"
"February 05, 2018 at 09:29AM",,"https://maps.google.com/?q=50.4137910801973,-4.13057565689866&z=17"
"February 06, 2018 at 09:18AM",,"https://maps.google.com/?q=50.4137910801973,-4.13057565689866&z=17"
"February 07, 2018 at 09:27AM",,"https://maps.google.com/?q=50.4137910801973,-4.13057565689866&z=17"
"February 08, 2018 at 09:30AM",,"https://maps.google.com/?q=50.4137910801973,-4.13057565689866&z=17"
"February 09, 2018 at 09:22AM",,"https://maps.google.com/?q=50.4137910801973,-4.13057565689866&z=17"
"February 20, 2018 at 11:25AM",,"https://maps.google.com/?q=50.4137910801973,-4.13057565689866&z=17"
"February 21, 2018 at 09:37AM",,"https://maps.google.com/?q=50.4137910801973,-4.13057565689866&z=17"
"February 22, 2018 at 09:37AM",,"https://maps.google.com/?q=50.4137910801973,-4.13057565689866&z=17"
"February 23, 2018 at 09:22AM",,"https://maps.google.com/?q=50.4137910801973,-4.13057565689866&z=17"
"February 26, 2018 at 09:23AM",,"https://maps.google.com/?q=50.4137910801973,-4.13057565689866&z=17"
"February 27, 2018 at 09:20AM",,"https://maps.google.com/?q=50.4137910801973,-4.13057565689866&z=17"
"February 27, 2018 at 12:44PM",,"https://maps.google.com/?q=50.4137910801973,-4.13057565689866&z=17"
"February 28, 2018 at 09:15AM",,"https://maps.google.com/?q=50.4137910801973,-4.13057565689866&z=17"
"March 05, 2018 at 11:37AM",,"https://maps.google.com/?q=50.4137910801973,-4.13057565689866&z=17"
"March 06, 2018 at 09:13AM",,"https://maps.google.com/?q=50.4137910801973,-4.13057565689866&z=17"
"March 06, 2018 at 01:00PM",,"https://maps.google.com/?q=50.4137910801973,-4.13057565689866&z=17"
"March 07, 2018 at 09:22AM",,"https://maps.google.com/?q=50.4137910801973,-4.13057565689866&z=17"
"March 08, 2018 at 09:26AM",,"https://maps.google.com/?q=50.4137910801973,-4.13057565689866&z=17"
"March 09, 2018 at 09:14AM",,"https://maps.google.com/?q=50.4137910801973,-4.13057565689866&z=17"
"March 09, 2018 at 12:38PM",,"https://maps.google.com/?q=50.4137910801973,-4.13057565689866&z=17"
"March 12, 2018 at 09:45AM",,"https://maps.google.com/?q=50.4137910801973,-4.13057565689866&z=17"
"March 12, 2018 at 12:11PM",,"https://maps.google.com/?q=50.4137910801973,-4.13057565689866&z=17"
"March 12, 2018 at 12:27PM",,"https://maps.google.com/?q=50.4137910801973,-4.13057565689866&z=17"
"March 13, 2018 at 09:49AM",,"https://maps.google.com/?q=50.4137910801973,-4.13057565689866&z=17"
"March 14, 2018 at 09:14AM",,"https://maps.google.com/?q=50.4137910801973,-4.13057565689866&z=17"
"March 15, 2018 at 09:15AM",,"https://maps.google.com/?q=50.4137910801973,-4.13057565689866&z=17"
"March 15, 2018 at 12:43PM",,"https://maps.google.com/?q=50.4137910801973,-4.13057565689866&z=17"
"March 16, 2018 at 09:03AM",,"https://maps.google.com/?q=50.4137910801973,-4.13057565689866&z=17"
"March 20, 2018 at 09:34AM",,"https://maps.google.com/?q=50.4137910801973,-4.13057565689866&z=17"
"March 21, 2018 at 09:21AM",,"https://maps.google.com/?q=50.4137910801973,-4.13057565689866&z=17"
"March 21, 2018 at 12:18PM",,"https://maps.google.com/?q=50.4137910801973,-4.13057565689866&z=17"
"March 21, 2018 at 12:51PM",,"https://maps.google.com/?q=50.4137910801973,-4.13057565689866&z=17"
"March 22, 2018 at 09:18AM",,"https://maps.google.com/?q=50.4137910801973,-4.13057565689866&z=17"
"March 23, 2018 at 09:13AM",,"https://maps.google.com/?q=50.4137910801973,-4.13057565689866&z=17"
"March 26, 2018 at 09:15AM",,"https://maps.google.com/?q=50.4137910801973,-4.13057565689866&z=17"
"March 27, 2018 at 09:22AM",,"https://maps.google.com/?q=50.4137910801973,-4.13057565689866&z=17"
"March 29, 2018 at 08:41AM",,"https://maps.google.com/?q=50.4137910801973,-4.13057565689866&z=17"
"March 29, 2018 at 01:07PM",,"https://maps.google.com/?q=50.4137910801973,-4.13057565689866&z=17"
"March 29, 2018 at 01:20PM",,"https://maps.google.com/?q=50.4137910801973,-4.13057565689866&z=17"
"April 03, 2018 at 09:00AM",,"https://maps.google.com/?q=50.4137910801973,-4.13057565689866&z=17"
"April 04, 2018 at 09:10AM",,"https://maps.google.com/?q=50.4137910801973,-4.13057565689866&z=17"
"April 05, 2018 at 09:23AM",,"https://maps.google.com/?q=50.4137910801973,-4.13057565689866&z=17"
"April 05, 2018 at 12:30PM",,"https://maps.google.com/?q=50.4137910801973,-4.13057565689866&z=17"
"April 06, 2018 at 09:10AM",,"https://maps.google.com/?q=50.4137910801973,-4.13057565689866&z=17"
"April 09, 2018 at 08:43AM",,"https://maps.google.com/?q=50.4137910801973,-4.13057565689866&z=17"
"April 10, 2018 at 09:19AM",,"https://maps.google.com/?q=50.4137910801973,-4.13057565689866&z=17"
"April 11, 2018 at 09:18AM",,"https://maps.google.com/?q=50.4137910801973,-4.13057565689866&z=17"
"April 12, 2018 at 09:04AM",,"https://maps.google.com/?q=50.4137910801973,-4.13057565689866&z=17"
"April 12, 2018 at 12:27PM",,"https://maps.google.com/?q=50.4137910801973,-4.13057565689866&z=17"
"April 13, 2018 at 08:41AM",,"https://maps.google.com/?q=50.4137910801973,-4.13057565689866&z=17"
"April 13, 2018 at 12:34PM",,"https://maps.google.com/?q=50.4137910801973,-4.13057565689866&z=17"
"April 16, 2018 at 09:10AM",,"https://maps.google.com/?q=50.4137910801973,-4.13057565689866&z=17"
"April 17, 2018 at 09:19AM",,"https://maps.google.com/?q=50.4137910801973,-4.13057565689866&z=17"
"April 18, 2018 at 09:24AM",,"https://maps.google.com/?q=50.4137910801973,-4.13057565689866&z=17"
"April 19, 2018 at 09:21AM",,"https://maps.google.com/?q=50.4137910801973,-4.13057565689866&z=17"
"April 20, 2018 at 09:17AM",,"https://maps.google.com/?q=50.4137910801973,-4.13057565689866&z=17"
"April 23, 2018 at 09:18AM",,"https://maps.google.com/?q=50.4137910801973,-4.13057565689866&z=17"
"April 24, 2018 at 09:09AM",,"https://maps.google.com/?q=50.4137910801973,-4.13057565689866&z=17"
"April 25, 2018 at 09:18AM",,"https://maps.google.com/?q=50.4137910801973,-4.13057565689866&z=17"
"April 26, 2018 at 09:21AM",,"https://maps.google.com/?q=50.4137910801973,-4.13057565689866&z=17"
"April 27, 2018 at 09:24AM",,"https://maps.google.com/?q=50.4137910801973,-4.13057565689866&z=17"
"April 27, 2018 at 01:06PM",,"https://maps.google.com/?q=50.4137910801973,-4.13057565689866&z=17"
"April 30, 2018 at 09:20AM",,"https://maps.google.com/?q=50.4137910801973,-4.13057565689866&z=17"
"May 01, 2018 at 09:16AM",,"https://maps.google.com/?q=50.4137910801973,-4.13057565689866&z=17"
"May 02, 2018 at 09:16AM",,"https://maps.google.com/?q=50.4137910801973,-4.13057565689866&z=17"
"May 03, 2018 at 09:20AM",,"https://maps.google.com/?q=50.4137910801973,-4.13057565689866&z=17"
"May 04, 2018 at 09:20AM",,"https://maps.google.com/?q=50.4137910801973,-4.13057565689866&z=17"
"May 08, 2018 at 09:21AM",,"https://maps.google.com/?q=50.4137910801973,-4.13057565689866&z=17"
"May 09, 2018 at 09:18AM",,"https://maps.google.com/?q=50.4137910801973,-4.13057565689866&z=17"
"May 10, 2018 at 09:18AM",,"https://maps.google.com/?q=50.4137910801973,-4.13057565689866&z=17"
"May 11, 2018 at 08:57AM",,"https://maps.google.com/?q=50.4137910801973,-4.13057565689866&z=17"
"May 11, 2018 at 02:18PM",,"https://maps.google.com/?q=50.4137910801973,-4.13057565689866&z=17"
"May 14, 2018 at 09:20AM",,"https://maps.google.com/?q=50.4137910801973,-4.13057565689866&z=17"
"May 15, 2018 at 09:15AM",,"https://maps.google.com/?q=50.4137910801973,-4.13057565689866&z=17"
"May 16, 2018 at 09:14AM",,"https://maps.google.com/?q=50.4137910801973,-4.13057565689866&z=17"
"May 17, 2018 at 09:24AM",,"https://maps.google.com/?q=50.4137910801973,-4.13057565689866&z=17"
"May 18, 2018 at 09:06AM",,"https://maps.google.com/?q=50.4137910801973,-4.13057565689866&z=17"
"May 21, 2018 at 09:19AM",,"https://maps.google.com/?q=50.4137910801973,-4.13057565689866&z=17"
"May 22, 2018 at 09:18AM",,"https://maps.google.com/?q=50.4137910801973,-4.13057565689866&z=17"
"May 23, 2018 at 09:09AM",,"https://maps.google.com/?q=50.4137910801973,-4.13057565689866&z=17"
"May 24, 2018 at 09:07AM",,"https://maps.google.com/?q=50.4137910801973,-4.13057565689866&z=17"
"May 29, 2018 at 09:16AM",,"https://maps.google.com/?q=50.4137910801973,-4.13057565689866&z=17"
"May 30, 2018 at 09:17AM",,"https://maps.google.com/?q=50.4137910801973,-4.13057565689866&z=17"
"May 30, 2018 at 10:53AM",,"https://maps.google.com/?q=50.4137910801973,-4.13057565689866&z=17"
"May 31, 2018 at 09:16AM",,"https://maps.google.com/?q=50.4137910801973,-4.13057565689866&z=17"
"June 01, 2018 at 09:29AM",,"https://maps.google.com/?q=50.4137910801973,-4.13057565689866&z=17"
"June 04, 2018 at 09:14AM",,"https://maps.google.com/?q=50.4137910801973,-4.13057565689866&z=17"
"June 05, 2018 at 09:04AM",,"https://maps.google.com/?q=50.4137910801973,-4.13057565689866&z=17"
"June 06, 2018 at 09:04AM",,"https://maps.google.com/?q=50.4137910801973,-4.13057565689866&z=17"
"June 07, 2018 at 09:25AM",,"https://maps.google.com/?q=50.4137910801973,-4.13057565689866&z=17"
"June 07, 2018 at 12:52PM",,"https://maps.google.com/?q=50.4137910801973,-4.13057565689866&z=17"
"June 07, 2018 at 12:59PM",,"https://maps.google.com/?q=50.4137910801973,-4.13057565689866&z=17"
"June 08, 2018 at 09:28AM",,"https://maps.google.com/?q=50.4137910801973,-4.13057565689866&z=17"
"June 08, 2018 at 01:05PM",,"https://maps.google.com/?q=50.4137910801973,-4.13057565689866&z=17"
"June 11, 2018 at 09:20AM",,"https://maps.google.com/?q=50.4137910801973,-4.13057565689866&z=17"
"June 11, 2018 at 01:05PM",,"https://maps.google.com/?q=50.4137910801973,-4.13057565689866&z=17"
"June 12, 2018 at 09:08AM",,"https://maps.google.com/?q=50.4137910801973,-4.13057565689866&z=17"
"June 13, 2018 at 09:20AM",,"https://maps.google.com/?q=50.4137910801973,-4.13057565689866&z=17"
"June 14, 2018 at 09:25AM",,"https://maps.google.com/?q=50.4137910801973,-4.13057565689866&z=17"
"June 15, 2018 at 09:08AM",,"https://maps.google.com/?q=50.4137910801973,-4.13057565689866&z=17"
"June 15, 2018 at 01:12PM",,"https://maps.google.com/?q=50.4137910801973,-4.13057565689866&z=17"
"June 18, 2018 at 09:17AM",,"https://maps.google.com/?q=50.4137910801973,-4.13057565689866&z=17"
"June 18, 2018 at 01:00PM",,"https://maps.google.com/?q=50.4137910801973,-4.13057565689866&z=17"
"June 19, 2018 at 09:10AM",,"https://maps.google.com/?q=50.4137910801973,-4.13057565689866&z=17"
"June 20, 2018 at 09:26AM",,"https://maps.google.com/?q=50.4137910801973,-4.13057565689866&z=17"
"June 21, 2018 at 09:26AM",,"https://maps.google.com/?q=50.4137910801973,-4.13057565689866&z=17"
"June 22, 2018 at 09:29AM",,"https://maps.google.com/?q=50.4137910801973,-4.13057565689866&z=17"
"June 22, 2018 at 01:37PM",,"https://maps.google.com/?q=50.4137910801973,-4.13057565689866&z=17"
"June 25, 2018 at 09:23AM",,"https://maps.google.com/?q=50.4137910801973,-4.13057565689866&z=17"
"June 25, 2018 at 03:00PM",,"https://maps.google.com/?q=50.4137910801973,-4.13057565689866&z=17"
"June 26, 2018 at 09:08AM",,"https://maps.google.com/?q=50.4137910801973,-4.13057565689866&z=17"
"June 26, 2018 at 03:50PM",,"https://maps.google.com/?q=50.4137910801973,-4.13057565689866&z=17"
"June 27, 2018 at 09:22AM",,"https://maps.google.com/?q=50.4137910801973,-4.13057565689866&z=17"
"June 28, 2018 at 09:21AM",,"https://maps.google.com/?q=50.4137910801973,-4.13057565689866&z=17"
"July 02, 2018 at 09:09AM",,"https://maps.google.com/?q=50.4137910801973,-4.13057565689866&z=17"
"July 03, 2018 at 08:58AM",,"https://maps.google.com/?q=50.4137910801973,-4.13057565689866&z=17"
"July 04, 2018 at 09:07AM",,"https://maps.google.com/?q=50.4137910801973,-4.13057565689866&z=17"
"July 05, 2018 at 08:57AM",,"https://maps.google.com/?q=50.4137910801973,-4.13057565689866&z=17"
"July 06, 2018 at 09:19AM",,"https://maps.google.com/?q=50.4137910801973,-4.13057565689866&z=17"
"July 09, 2018 at 09:18AM",,"https://maps.google.com/?q=50.4137910801973,-4.13057565689866&z=17"
"July 09, 2018 at 01:08PM",,"https://maps.google.com/?q=50.4137910801973,-4.13057565689866&z=17"
"July 10, 2018 at 09:16AM",,"https://maps.google.com/?q=50.4137910801973,-4.13057565689866&z=17"
"July 11, 2018 at 09:18AM",,"https://maps.google.com/?q=50.4137910801973,-4.13057565689866&z=17"
"July 12, 2018 at 09:15AM",,"https://maps.google.com/?q=50.4137910801973,-4.13057565689866&z=17"
"July 13, 2018 at 09:28AM",,"https://maps.google.com/?q=50.4137910801973,-4.13057565689866&z=17"
"July 16, 2018 at 09:25AM",,"https://maps.google.com/?q=50.4137910801973,-4.13057565689866&z=17"
"July 17, 2018 at 09:22AM",,"https://maps.google.com/?q=50.4137910801973,-4.13057565689866&z=17"
"July 18, 2018 at 09:19AM",,"https://maps.google.com/?q=50.4137910801973,-4.13057565689866&z=17"
"July 19, 2018 at 09:17AM",,"https://maps.google.com/?q=50.4137910801973,-4.13057565689866&z=17"
"July 20, 2018 at 09:23AM",,"https://maps.google.com/?q=50.4137910801973,-4.13057565689866&z=17"
"July 23, 2018 at 09:19AM",,"https://maps.google.com/?q=50.4137910801973,-4.13057565689866&z=17"
"July 24, 2018 at 09:21AM",,"https://maps.google.com/?q=50.4137910801973,-4.13057565689866&z=17"
"July 25, 2018 at 09:14AM",,"https://maps.google.com/?q=50.4137910801973,-4.13057565689866&z=17"
"July 26, 2018 at 09:16AM",,"https://maps.google.com/?q=50.4137910801973,-4.13057565689866&z=17"
"July 27, 2018 at 09:08AM",,"https://maps.google.com/?q=50.4137910801973,-4.13057565689866&z=17"
"July 30, 2018 at 09:12AM",,"https://maps.google.com/?q=50.4137910801973,-4.13057565689866&z=17"
"July 31, 2018 at 09:12AM",,"https://maps.google.com/?q=50.4137910801973,-4.13057565689866&z=17"
"August 01, 2018 at 09:21AM",,"https://maps.google.com/?q=50.4137910801973,-4.13057565689866&z=17"
"August 02, 2018 at 09:03AM",,"https://maps.google.com/?q=50.4137910801973,-4.13057565689866&z=17"
"August 13, 2018 at 12:19PM",,"https://maps.google.com/?q=50.4137910801973,-4.13057565689866&z=17"
"August 14, 2018 at 09:28AM",,"https://maps.google.com/?q=50.4137910801973,-4.13057565689866&z=17"
"August 15, 2018 at 09:23AM",,"https://maps.google.com/?q=50.4137910801973,-4.13057565689866&z=17"
"August 16, 2018 at 09:28AM",,"https://maps.google.com/?q=50.4137910801973,-4.13057565689866&z=17"
"August 28, 2018 at 09:45AM",,"https://maps.google.com/?q=50.4137910801973,-4.13057565689866&z=17"
"August 29, 2018 at 09:17AM",,"https://maps.google.com/?q=50.4137910801973,-4.13057565689866&z=17"
"August 30, 2018 at 09:35AM",,"https://maps.google.com/?q=50.4137910801973,-4.13057565689866&z=17"
"August 31, 2018 at 09:19AM",,"https://maps.google.com/?q=50.4137910801973,-4.13057565689866&z=17"
"September 03, 2018 at 09:25AM",,"https://maps.google.com/?q=50.4137910801973,-4.13057565689866&z=17"
"September 03, 2018 at 09:56AM",,"https://maps.google.com/?q=50.4137910801973,-4.13057565689866&z=17"
"September 04, 2018 at 09:20AM",,"https://maps.google.com/?q=50.4137910801973,-4.13057565689866&z=17"
"September 05, 2018 at 09:22AM",,"https://maps.google.com/?q=50.4137910801973,-4.13057565689866&z=17"
"September 06, 2018 at 09:16AM",,"https://maps.google.com/?q=50.4137910801973,-4.13057565689866&z=17"
"September 07, 2018 at 09:29AM",,"https://maps.google.com/?q=50.4137910801973,-4.13057565689866&z=17"
"September 12, 2018 at 09:45AM",,"https://maps.google.com/?q=50.4137910801973,-4.13057565689866&z=17"
"September 13, 2018 at 10:02AM",,"https://maps.google.com/?q=50.4137910801973,-4.13057565689866&z=17"
"September 14, 2018 at 09:23AM",,"https://maps.google.com/?q=50.4137910801973,-4.13057565689866&z=17"
"September 17, 2018 at 09:09AM",,"https://maps.google.com/?q=50.4137910801973,-4.13057565689866&z=17"
"September 17, 2018 at 10:29AM",,"https://maps.google.com/?q=50.4137910801973,-4.13057565689866&z=17"
"September 17, 2018 at 10:43AM",,"https://maps.google.com/?q=50.4137910801973,-4.13057565689866&z=17"
"September 17, 2018 at 11:28AM",,"https://maps.google.com/?q=50.4137910801973,-4.13057565689866&z=17"
"September 17, 2018 at 12:21PM",,"https://maps.google.com/?q=50.4137910801973,-4.13057565689866&z=17"
"September 18, 2018 at 09:12AM",,"https://maps.google.com/?q=50.4137910801973,-4.13057565689866&z=17"
"September 19, 2018 at 09:37AM",,"https://maps.google.com/?q=50.4137910801973,-4.13057565689866&z=17"
"September 20, 2018 at 09:30AM",,"https://maps.google.com/?q=50.4137910801973,-4.13057565689866&z=17"
"September 21, 2018 at 09:29AM",,"https://maps.google.com/?q=50.4137910801973,-4.13057565689866&z=17"
"September 24, 2018 at 09:31AM",,"https://maps.google.com/?q=50.4137910801973,-4.13057565689866&z=17"
"September 25, 2018 at 09:12AM",,"https://maps.google.com/?q=50.4137910801973,-4.13057565689866&z=17"
"September 26, 2018 at 09:17AM",,"https://maps.google.com/?q=50.4137910801973,-4.13057565689866&z=17"
"September 27, 2018 at 09:23AM",,"https://maps.google.com/?q=50.4137910801973,-4.13057565689866&z=17"
"September 27, 2018 at 05:39PM",,"https://maps.google.com/?q=50.4137910801973,-4.13057565689866&z=17"
"October 01, 2018 at 09:34AM",,"https://maps.google.com/?q=50.4137910801973,-4.13057565689866&z=17"
"October 02, 2018 at 09:21AM",,"https://maps.google.com/?q=50.4137910801973,-4.13057565689866&z=17"
"October 03, 2018 at 09:16AM",,"https://maps.google.com/?q=50.4137910801973,-4.13057565689866&z=17"
"October 04, 2018 at 09:26AM",,"https://maps.google.com/?q=50.4137910801973,-4.13057565689866&z=17"
"October 05, 2018 at 09:16AM",,"https://maps.google.com/?q=50.4137910801973,-4.13057565689866&z=17"
"October 08, 2018 at 09:25AM",,"https://maps.google.com/?q=50.4137910801973,-4.13057565689866&z=17"
"October 08, 2018 at 01:14PM",,"https://maps.google.com/?q=50.4137910801973,-4.13057565689866&z=17"
"October 09, 2018 at 09:29AM",,"https://maps.google.com/?q=50.4137910801973,-4.13057565689866&z=17"
"October 12, 2018 at 09:34AM",,"https://maps.google.com/?q=50.4137910801973,-4.13057565689866&z=17"
"October 15, 2018 at 09:35AM",,"https://maps.google.com/?q=50.4137910801973,-4.13057565689866&z=17"
"October 16, 2018 at 09:21AM",,"https://maps.google.com/?q=50.4137910801973,-4.13057565689866&z=17"
"October 16, 2018 at 12:47PM",,"https://maps.google.com/?q=50.4137910801973,-4.13057565689866&z=17"
"October 16, 2018 at 03:54PM",,"https://maps.google.com/?q=50.4137910801973,-4.13057565689866&z=17"
"October 17, 2018 at 09:21AM",,"https://maps.google.com/?q=50.4137910801973,-4.13057565689866&z=17"
"October 17, 2018 at 12:54PM",,"https://maps.google.com/?q=50.4137910801973,-4.13057565689866&z=17"
"October 18, 2018 at 09:14AM",,"https://maps.google.com/?q=50.4137910801973,-4.13057565689866&z=17"
"October 19, 2018 at 09:17AM",,"https://maps.google.com/?q=50.4137910801973,-4.13057565689866&z=17"
"October 23, 2018 at 09:21AM",,"https://maps.google.com/?q=50.4137910801973,-4.13057565689866&z=17"
"October 29, 2018 at 09:33AM",,"https://maps.google.com/?q=50.4137910801973,-4.13057565689866&z=17"
"October 30, 2018 at 09:18AM",,"https://maps.google.com/?q=50.4137910801973,-4.13057565689866&z=17"
"October 31, 2018 at 09:20AM",,"https://maps.google.com/?q=50.4137910801973,-4.13057565689866&z=17"
"November 01, 2018 at 09:12AM",,"https://maps.google.com/?q=50.4137910801973,-4.13057565689866&z=17"
"November 02, 2018 at 09:00AM",,"https://maps.google.com/?q=50.4137910801973,-4.13057565689866&z=17"
"November 05, 2018 at 09:19AM",,"https://maps.google.com/?q=50.4137910801973,-4.13057565689866&z=17"
"November 06, 2018 at 09:11AM",,"https://maps.google.com/?q=50.4137910801973,-4.13057565689866&z=17"
"November 06, 2018 at 12:39PM",,"https://maps.google.com/?q=50.4137910801973,-4.13057565689866&z=17"
"November 07, 2018 at 09:14AM",,"https://maps.google.com/?q=50.4137910801973,-4.13057565689866&z=17"
"November 08, 2018 at 09:15AM",,"https://maps.google.com/?q=50.4137910801973,-4.13057565689866&z=17"
"November 09, 2018 at 09:13AM",,"https://maps.google.com/?q=50.4137910801973,-4.13057565689866&z=17"
"November 12, 2018 at 09:17AM",,"https://maps.google.com/?q=50.4137910801973,-4.13057565689866&z=17"
"November 13, 2018 at 09:20AM",,"https://maps.google.com/?q=50.4137910801973,-4.13057565689866&z=17"
"November 14, 2018 at 09:14AM",,"https://maps.google.com/?q=50.4137910801973,-4.13057565689866&z=17"
"November 14, 2018 at 01:02PM",,"https://maps.google.com/?q=50.4137910801973,-4.13057565689866&z=17"
"November 15, 2018 at 09:28AM",,"https://maps.google.com/?q=50.4137910801973,-4.13057565689866&z=17"
"November 15, 2018 at 12:31PM",,"https://maps.google.com/?q=50.4137910801973,-4.13057565689866&z=17"
"November 16, 2018 at 09:23AM",,"https://maps.google.com/?q=50.4137910801973,-4.13057565689866&z=17"
"November 16, 2018 at 12:29PM",,"https://maps.google.com/?q=50.4137910801973,-4.13057565689866&z=17"
"November 20, 2018 at 09:06AM",,"https://maps.google.com/?q=50.4137910801973,-4.13057565689866&z=17"
"November 21, 2018 at 09:07AM",,"https://maps.google.com/?q=50.4137910801973,-4.13057565689866&z=17"
"November 22, 2018 at 09:50AM",,"https://maps.google.com/?q=50.4137910801973,-4.13057565689866&z=17"
"November 23, 2018 at 09:53AM",,"https://maps.google.com/?q=50.4137910801973,-4.13057565689866&z=17"
"November 23, 2018 at 01:27PM",,"https://maps.google.com/?q=50.4137910801973,-4.13057565689866&z=17"
"November 26, 2018 at 09:29AM",,"https://maps.google.com/?q=50.4137910801973,-4.13057565689866&z=17"
"November 27, 2018 at 09:24AM",,"https://maps.google.com/?q=50.4137910801973,-4.13057565689866&z=17"
"November 28, 2018 at 12:50PM",,"https://maps.google.com/?q=50.4137910801973,-4.13057565689866&z=17"
"November 28, 2018 at 05:35PM",,"https://maps.google.com/?q=50.4137910801973,-4.13057565689866&z=17"
"November 29, 2018 at 09:23AM",,"https://maps.google.com/?q=50.4137910801973,-4.13057565689866&z=17"
"November 30, 2018 at 09:22AM",,"https://maps.google.com/?q=50.4137910801973,-4.13057565689866&z=17"
"November 30, 2018 at 01:36PM",,"https://maps.google.com/?q=50.4137910801973,-4.13057565689866&z=17"
"December 03, 2018 at 09:25AM",,"https://maps.google.com/?q=50.4137910801973,-4.13057565689866&z=17"
"December 03, 2018 at 12:50PM",,"https://maps.google.com/?q=50.4137910801973,-4.13057565689866&z=17"
"December 04, 2018 at 09:16AM",,"https://maps.google.com/?q=50.4137910801973,-4.13057565689866&z=17"
"December 04, 2018 at 12:45PM",,"https://maps.google.com/?q=50.4137910801973,-4.13057565689866&z=17"
"December 04, 2018 at 07:19PM",,"https://maps.google.com/?q=50.4137910801973,-4.13057565689866&z=17"
"December 05, 2018 at 09:17AM",,"https://maps.google.com/?q=50.4137910801973,-4.13057565689866&z=17"
"December 05, 2018 at 05:10PM",,"https://maps.google.com/?q=50.4137910801973,-4.13057565689866&z=17"
"December 07, 2018 at 09:28AM",,"https://maps.google.com/?q=50.4137910801973,-4.13057565689866&z=17"
"December 10, 2018 at 09:19AM",,"https://maps.google.com/?q=50.4137910801973,-4.13057565689866&z=17"
"December 13, 2018 at 09:25AM",,"https://maps.google.com/?q=50.4137910801973,-4.13057565689866&z=17"
"December 14, 2018 at 09:25AM",,"https://maps.google.com/?q=50.4137910801973,-4.13057565689866&z=17"
"December 14, 2018 at 02:06PM",,"https://maps.google.com/?q=50.4137910801973,-4.13057565689866&z=17"
"December 17, 2018 at 05:35PM",,"https://maps.google.com/?q=50.4137910801973,-4.13057565689866&z=17"
"December 18, 2018 at 09:16AM",,"https://maps.google.com/?q=50.4137910801973,-4.13057565689866&z=17"
"December 19, 2018 at 09:15AM",,"https://maps.google.com/?q=50.4137910801973,-4.13057565689866&z=17"
"December 20, 2018 at 09:14AM",,"https://maps.google.com/?q=50.4137910801973,-4.13057565689866&z=17"
"December 20, 2018 at 01:19PM",,"https://maps.google.com/?q=50.4137910801973,-4.13057565689866&z=17"