"August 16, 2017 at 09:20AM",,"https://maps.google.com/?q=50.4186552979022,-4.11884869999989&z=14"
"August 16, 2017 at 09:26AM",,"https://maps.google.com/?q=50.4186552979022,-4.11884869999989&z=14"
"August 17, 2017 at 09:05AM",,"https://maps.google.com/?q=50.4186552979022,-4.11884869999989&z=14"
"August 18, 2017 at 09:10AM",,"https://maps.google.com/?q=50.4186552979022,-4.11884869999989&z=14"
"September 04, 2017 at 09:11AM",,"https://maps.google.com/?q=50.4186552979022,-4.11884869999989&z=14"
"September 05, 2017 at 09:07AM",,"https://maps.google.com/?q=50.4186552979022,-4.11884869999989&z=14"
"September 06, 2017 at 09:00AM",,"https://maps.google.com/?q=50.4186552979022,-4.11884869999989&z=14"
"September 07, 2017 at 09:12AM",,"https://maps.google.com/?q=50.4186552979022,-4.11884869999989&z=14"
"September 08, 2017 at 09:10AM",,"https://maps.google.com/?q=50.4186552979022,-4.11884869999989&z=14"
"September 11, 2017 at 09:04AM",,"https://maps.google.com/?q=50.4186552979022,-4.11884869999989&z=14"
"September 11, 2017 at 09:09AM",,"https://maps.google.com/?q=50.4186552979022,-4.11884869999989&z=14"
"September 12, 2017 at 09:06AM",,"https://maps.google.com/?q=50.4186552979022,-4.11884869999989&z=14"
"September 13, 2017 at 09:12AM",,"https://maps.google.com/?q=50.4186552979022,-4.11884869999989&z=14"
"September 13, 2017 at 09:17AM",,"https://maps.google.com/?q=50.4186552979022,-4.11884869999989&z=14"
"September 14, 2017 at 09:16AM",,"https://maps.google.com/?q=50.4186552979022,-4.11884869999989&z=14"
"September 15, 2017 at 09:26AM",,"https://maps.google.com/?q=50.4186552979022,-4.11884869999989&z=14"
"September 18, 2017 at 09:15AM",,"https://maps.google.com/?q=50.4186552979022,-4.11884869999989&z=14"
"September 19, 2017 at 09:10AM",,"https://maps.google.com/?q=50.4186552979022,-4.11884869999989&z=14"
"September 20, 2017 at 09:04AM",,"https://maps.google.com/?q=50.4186552979022,-4.11884869999989&z=14"
"September 21, 2017 at 09:05AM",,"https://maps.google.com/?q=50.4186552979022,-4.11884869999989&z=14"
"September 21, 2017 at 09:08AM",,"https://maps.google.com/?q=50.4186552979022,-4.11884869999989&z=14"
"September 22, 2017 at 09:08AM",,"https://maps.google.com/?q=50.4186552979022,-4.11884869999989&z=14"
"September 22, 2017 at 09:13AM",,"https://maps.google.com/?q=50.4186552979022,-4.11884869999989&z=14"
"September 26, 2017 at 09:07AM",,"https://maps.google.com/?q=50.4186552979022,-4.11884869999989&z=14"
"September 27, 2017 at 09:04AM",,"https://maps.google.com/?q=50.4186552979022,-4.11884869999989&z=14"
"September 27, 2017 at 09:13AM",,"https://maps.google.com/?q=50.4186552979022,-4.11884869999989&z=14"
"September 28, 2017 at 09:04AM",,"https://maps.google.com/?q=50.4186552979022,-4.11884869999989&z=14"
"September 29, 2017 at 09:07AM",,"https://maps.google.com/?q=50.4186552979022,-4.11884869999989&z=14"
"October 02, 2017 at 09:12AM",,"https://maps.google.com/?q=50.4186552979022,-4.11884869999989&z=14"
"October 02, 2017 at 09:16AM",,"https://maps.google.com/?q=50.4186552979022,-4.11884869999989&z=14"
"October 05, 2017 at 09:13AM",,"https://maps.google.com/?q=50.4186552979022,-4.11884869999989&z=14"
"October 05, 2017 at 09:18AM",,"https://maps.google.com/?q=50.4186552979022,-4.11884869999989&z=14"
"October 06, 2017 at 09:14AM",,"https://maps.google.com/?q=50.4186552979022,-4.11884869999989&z=14"
"October 09, 2017 at 09:12AM",,"https://maps.google.com/?q=50.4186552979022,-4.11884869999989&z=14"
"October 09, 2017 at 09:17AM",,"https://maps.google.com/?q=50.4186552979022,-4.11884869999989&z=14"
"October 09, 2017 at 05:38PM",,"https://maps.google.com/?q=50.4186552979022,-4.11884869999989&z=14"
"October 10, 2017 at 09:28AM",,"https://maps.google.com/?q=50.4186552979022,-4.11884869999989&z=14"
"October 10, 2017 at 09:34AM",,"https://maps.google.com/?q=50.4186552979022,-4.11884869999989&z=14"
"October 11, 2017 at 09:11AM",,"https://maps.google.com/?q=50.4186552979022,-4.11884869999989&z=14"
"October 11, 2017 at 09:17AM",,"https://maps.google.com/?q=50.4186552979022,-4.11884869999989&z=14"
"October 12, 2017 at 09:02AM",,"https://maps.google.com/?q=50.4186552979022,-4.11884869999989&z=14"
"October 12, 2017 at 09:10AM",,"https://maps.google.com/?q=50.4186552979022,-4.11884869999989&z=14"
"October 13, 2017 at 12:26PM",,"https://maps.google.com/?q=50.4186552979022,-4.11884869999989&z=14"
"October 13, 2017 at 12:31PM",,"https://maps.google.com/?q=50.4186552979022,-4.11884869999989&z=14"
"October 16, 2017 at 09:13AM",,"https://maps.google.com/?q=50.4186552979022,-4.11884869999989&z=14"
"October 16, 2017 at 09:17AM",,"https://maps.google.com/?q=50.4186552979022,-4.11884869999989&z=14"
"October 17, 2017 at 09:14AM",,"https://maps.google.com/?q=50.4186552979022,-4.11884869999989&z=14"
"October 18, 2017 at 09:07AM",,"https://maps.google.com/?q=50.4186552979022,-4.11884869999989&z=14"
"October 19, 2017 at 09:07AM",,"https://maps.google.com/?q=50.4186552979022,-4.11884869999989&z=14"
"October 20, 2017 at 09:11AM",,"https://maps.google.com/?q=50.4186552979022,-4.11884869999989&z=14"
"October 30, 2017 at 09:44AM",,"https://maps.google.com/?q=50.4186552979022,-4.11884869999989&z=14"
"October 30, 2017 at 09:49AM",,"https://maps.google.com/?q=50.4186552979022,-4.11884869999989&z=14"
"October 31, 2017 at 09:09AM",,"https://maps.google.com/?q=50.4186552979022,-4.11884869999989&z=14"
"November 01, 2017 at 09:16AM",,"https://maps.google.com/?q=50.4186552979022,-4.11884869999989&z=14"
"November 02, 2017 at 09:17AM",,"https://maps.google.com/?q=50.4186552979022,-4.11884869999989&z=14"
"November 03, 2017 at 09:13AM",,"https://maps.google.com/?q=50.4186552979022,-4.11884869999989&z=14"
"November 03, 2017 at 09:19AM",,"https://maps.google.com/?q=50.4186552979022,-4.11884869999989&z=14"
"November 06, 2017 at 09:27AM",,"https://maps.google.com/?q=50.4186552979022,-4.11884869999989&z=14"
"November 21, 2017 at 09:08AM",,"https://maps.google.com/?q=50.4186552979022,-4.11884869999989&z=14"
"November 21, 2017 at 09:16AM",,"https://maps.google.com/?q=50.4186552979022,-4.11884869999989&z=14"
"November 22, 2017 at 09:12AM",,"https://maps.google.com/?q=50.4186552979022,-4.11884869999989&z=14"
"November 23, 2017 at 09:12AM",,"https://maps.google.com/?q=50.4186552979022,-4.11884869999989&z=14"
"November 24, 2017 at 09:07AM",,"https://maps.google.com/?q=50.4186552979022,-4.11884869999989&z=14"
"November 24, 2017 at 09:14AM",,"https://maps.google.com/?q=50.4186552979022,-4.11884869999989&z=14"
"November 27, 2017 at 09:06AM",,"https://maps.google.com/?q=50.4186552979022,-4.11884869999989&z=14"
"November 27, 2017 at 09:09AM",,"https://maps.google.com/?q=50.4186552979022,-4.11884869999989&z=14"
"November 28, 2017 at 09:19AM",,"https://maps.google.com/?q=50.4186552979022,-4.11884869999989&z=14"
"November 29, 2017 at 09:06AM",,"https://maps.google.com/?q=50.4186552979022,-4.11884869999989&z=14"
"November 30, 2017 at 09:13AM",,"https://maps.google.com/?q=50.4186552979022,-4.11884869999989&z=14"
"November 30, 2017 at 09:16AM",,"https://maps.google.com/?q=50.4186552979022,-4.11884869999989&z=14"
"November 30, 2017 at 05:56PM",,"https://maps.google.com/?q=50.4186552979022,-4.11884869999989&z=14"
"December 01, 2017 at 09:02AM",,"https://maps.google.com/?q=50.4186552979022,-4.11884869999989&z=14"
"December 04, 2017 at 09:05AM",,"https://maps.google.com/?q=50.4186552979022,-4.11884869999989&z=14"
"December 07, 2017 at 09:17AM",,"https://maps.google.com/?q=50.4186552979022,-4.11884869999989&z=14"
"December 11, 2017 at 08:58AM",,"https://maps.google.com/?q=50.4186552979022,-4.11884869999989&z=14"
"December 11, 2017 at 09:03AM",,"https://maps.google.com/?q=50.4186552979022,-4.11884869999989&z=14"
"December 12, 2017 at 09:08AM",,"https://maps.google.com/?q=50.4186552979022,-4.11884869999989&z=14"
"December 12, 2017 at 09:15AM",,"https://maps.google.com/?q=50.4186552979022,-4.11884869999989&z=14"
"December 13, 2017 at 09:06AM",,"https://maps.google.com/?q=50.4186552979022,-4.11884869999989&z=14"
"December 14, 2017 at 09:13AM",,"https://maps.google.com/?q=50.4186552979022,-4.11884869999989&z=14"
"December 14, 2017 at 09:17AM",,"https://maps.google.com/?q=50.4186552979022,-4.11884869999989&z=14"
"December 15, 2017 at 09:13AM",,"https://maps.google.com/?q=50.4186552979022,-4.11884869999989&z=14"
"December 18, 2017 at 09:19AM",,"https://maps.google.com/?q=50.4186552979022,-4.11884869999989&z=14"
"December 19, 2017 at 08:59AM",,"https://maps.google.com/?q=50.4186552979022,-4.11884869999989&z=14"
"December 19, 2017 at 09:03AM",,"https://maps.google.com/?q=50.4186552979022,-4.11884869999989&z=14"
"December 20, 2017 at 09:04AM",,"https://maps.google.com/?q=50.4186552979022,-4.11884869999989&z=14"
"December 20, 2017 at 09:09AM",,"https://maps.google.com/?q=50.4186552979022,-4.11884869999989&z=14"
"December 21, 2017 at 08:56AM",,"https://maps.google.com/?q=50.4186552979022,-4.11884869999989&z=14"
"December 21, 2017 at 09:00AM",,"https://maps.google.com/?q=50.4186552979022,-4.11884869999989&z=14"
"December 21, 2017 at 09:23PM",,"https://maps.google.com/?q=50.4186552979022,-4.11884869999989&z=14"
"December 22, 2017 at 09:19AM",,"https://maps.google.com/?q=50.4186552979022,-4.11884869999989&z=14"
"December 22, 2017 at 09:24AM",,"https://maps.google.com/?q=50.4186552979022,-4.11884869999989&z=14"
"December 28, 2017 at 09:29AM",,"https://maps.google.com/?q=50.4186552979022,-4.11884869999989&z=14"
"December 28, 2017 at 09:33AM",,"https://maps.google.com/?q=50.4186552979022,-4.11884869999989&z=14"
"December 29, 2017 at 09:16AM",,"https://maps.google.com/?q=50.4186552979022,-4.11884869999989&z=14"
"December 29, 2017 at 09:21AM",,"https://maps.google.com/?q=50.4186552979022,-4.11884869999989&z=14"
"January 02, 2018 at 09:14AM",,"https://maps.google.com/?q=50.4186552979022,-4.11884869999989&z=14"
"January 02, 2018 at 09:19AM",,"https://maps.google.com/?q=50.4186552979022,-4.11884869999989&z=14"
"January 03, 2018 at 09:07AM",,"https://maps.google.com/?q=50.4186552979022,-4.11884869999989&z=14"
"January 03, 2018 at 09:12AM",,"https://maps.google.com/?q=50.4186552979022,-4.11884869999989&z=14"
"January 04, 2018 at 08:52AM",,"https://maps.google.com/?q=50.4186552979022,-4.11884869999989&z=14"
"January 04, 2018 at 08:57AM",,"https://maps.google.com/?q=50.4186552979022,-4.11884869999989&z=14"
"January 05, 2018 at 09:06AM",,"https://maps.google.com/?q=50.4186552979022,-4.11884869999989&z=14"
"January 05, 2018 at 09:10AM",,"https://maps.google.com/?q=50.4186552979022,-4.11884869999989&z=14"
"January 08, 2018 at 09:05AM",,"https://maps.google.com/?q=50.4186552979022,-4.11884869999989&z=14"
"January 08, 2018 at 09:10AM",,"https://maps.google.com/?q=50.4186552979022,-4.11884869999989&z=14"
"January 09, 2018 at 09:09AM",,"https://maps.google.com/?q=50.4186552979022,-4.11884869999989&z=14"
"January 09, 2018 at 09:15AM",,"https://maps.google.com/?q=50.4186552979022,-4.11884869999989&z=14"
"January 10, 2018 at 09:14AM",,"https://maps.google.com/?q=50.4186552979022,-4.11884869999989&z=14"
"January 10, 2018 at 09:19AM",,"https://maps.google.com/?q=50.4186552979022,-4.11884869999989&z=14"
"January 11, 2018 at 09:17AM",,"https://maps.google.com/?q=50.4186552979022,-4.11884869999989&z=14"
"January 11, 2018 at 09:22AM",,"https://maps.google.com/?q=50.4186552979022,-4.11884869999989&z=14"
"January 12, 2018 at 09:18AM",,"https://maps.google.com/?q=50.4186552979022,-4.11884869999989&z=14"
"January 15, 2018 at 09:27AM",,"https://maps.google.com/?q=50.4186552979022,-4.11884869999989&z=14"
"January 16, 2018 at 09:16AM",,"https://maps.google.com/?q=50.4186552979022,-4.11884869999989&z=14"
"January 16, 2018 at 09:25AM",,"https://maps.google.com/?q=50.4186552979022,-4.11884869999989&z=14"
"January 17, 2018 at 08:56AM",,"https://maps.google.com/?q=50.4186552979022,-4.11884869999989&z=14"
"January 17, 2018 at 09:06AM",,"https://maps.google.com/?q=50.4186552979022,-4.11884869999989&z=14"
"January 18, 2018 at 09:02AM",,"https://maps.google.com/?q=50.4186552979022,-4.11884869999989&z=14"
"January 18, 2018 at 09:08AM",,"https://maps.google.com/?q=50.4186552979022,-4.11884869999989&z=14"
"January 19, 2018 at 08:56AM",,"https://maps.google.com/?q=50.4186552979022,-4.11884869999989&z=14"
"January 19, 2018 at 09:01AM",,"https://maps.google.com/?q=50.4186552979022,-4.11884869999989&z=14"
"January 22, 2018 at 09:15AM",,"https://maps.google.com/?q=50.4186552979022,-4.11884869999989&z=14"
"January 22, 2018 at 09:20AM",,"https://maps.google.com/?q=50.4186552979022,-4.11884869999989&z=14"
"January 23, 2018 at 09:07AM",,"https://maps.google.com/?q=50.4186552979022,-4.11884869999989&z=14"
"January 23, 2018 at 09:18AM",,"https://maps.google.com/?q=50.4186552979022,-4.11884869999989&z=14"
"January 24, 2018 at 09:10AM",,"https://maps.google.com/?q=50.4186552979022,-4.11884869999989&z=14"
"January 24, 2018 at 09:23AM",,"https://maps.google.com/?q=50.4186552979022,-4.11884869999989&z=14"
"January 25, 2018 at 09:01AM",,"https://maps.google.com/?q=50.4186552979022,-4.11884869999989&z=14"
"January 25, 2018 at 09:10AM",,"https://maps.google.com/?q=50.4186552979022,-4.11884869999989&z=14"
"January 26, 2018 at 09:09AM",,"https://maps.google.com/?q=50.4186552979022,-4.11884869999989&z=14"
"January 26, 2018 at 09:16AM",,"https://maps.google.com/?q=50.4186552979022,-4.11884869999989&z=14"
"January 29, 2018 at 09:09AM",,"https://maps.google.com/?q=50.4186552979022,-4.11884869999989&z=14"
"January 29, 2018 at 09:17AM",,"https://maps.google.com/?q=50.4186552979022,-4.11884869999989&z=14"
"January 30, 2018 at 08:47AM",,"https://maps.google.com/?q=50.4186552979022,-4.11884869999989&z=14"
"January 30, 2018 at 09:08AM",,"https://maps.google.com/?q=50.4186552979022,-4.11884869999989&z=14"
"January 31, 2018 at 08:57AM",,"https://maps.google.com/?q=50.4186552979022,-4.11884869999989&z=14"
"January 31, 2018 at 09:03AM",,"https://maps.google.com/?q=50.4186552979022,-4.11884869999989&z=14"
"February 01, 2018 at 09:00AM",,"https://maps.google.com/?q=50.4186552979022,-4.11884869999989&z=14"
"February 01, 2018 at 09:06AM",,"https://maps.google.com/?q=50.4186552979022,-4.11884869999989&z=14"
"February 02, 2018 at 09:08AM",,"https://maps.google.com/?q=50.4186552979022,-4.11884869999989&z=14"
"February 02, 2018 at 09:13AM",,"https://maps.google.com/?q=50.4186552979022,-4.11884869999989&z=14"
"February 05, 2018 at 09:17AM",,"https://maps.google.com/?q=50.4186552979022,-4.11884869999989&z=14"
"February 05, 2018 at 09:23AM",,"https://maps.google.com/?q=50.4186552979022,-4.11884869999989&z=14"
"February 06, 2018 at 09:06AM",,"https://maps.google.com/?q=50.4186552979022,-4.11884869999989&z=14"
"February 06, 2018 at 09:12AM",,"https://maps.google.com/?q=50.4186552979022,-4.11884869999989&z=14"
"February 07, 2018 at 09:17AM",,"https://maps.google.com/?q=50.4186552979022,-4.11884869999989&z=14"
"February 07, 2018 at 09:22AM",,"https://maps.google.com/?q=50.4186552979022,-4.11884869999989&z=14"
"February 08, 2018 at 09:19AM",,"https://maps.google.com/?q=50.4186552979022,-4.11884869999989&z=14"
"February 08, 2018 at 09:24AM",,"https://maps.google.com/?q=50.4186552979022,-4.11884869999989&z=14"
"February 09, 2018 at 09:12AM",,"https://maps.google.com/?q=50.4186552979022,-4.11884869999989&z=14"
"February 09, 2018 at 09:17AM",,"https://maps.google.com/?q=50.4186552979022,-4.11884869999989&z=14"
"February 20, 2018 at 11:15AM",,"https://maps.google.com/?q=50.4186552979022,-4.11884869999989&z=14"
"February 20, 2018 at 11:20AM",,"https://maps.google.com/?q=50.4186552979022,-4.11884869999989&z=14"
"February 21, 2018 at 09:28AM",,"https://maps.google.com/?q=50.4186552979022,-4.11884869999989&z=14"
"February 21, 2018 at 09:32AM",,"https://maps.google.com/?q=50.4186552979022,-4.11884869999989&z=14"
"February 22, 2018 at 09:29AM",,"https://maps.google.com/?q=50.4186552979022,-4.11884869999989&z=14"
"February 22, 2018 at 09:33AM",,"https://maps.google.com/?q=50.4186552979022,-4.11884869999989&z=14"
"February 23, 2018 at 09:12AM",,"https://maps.google.com/?q=50.4186552979022,-4.11884869999989&z=14"
"February 23, 2018 at 09:17AM",,"https://maps.google.com/?q=50.4186552979022,-4.11884869999989&z=14"
"February 26, 2018 at 09:13AM",,"https://maps.google.com/?q=50.4186552979022,-4.11884869999989&z=14"
"February 26, 2018 at 09:18AM",,"https://maps.google.com/?q=50.4186552979022,-4.11884869999989&z=14"
"February 27, 2018 at 09:11AM",,"https://maps.google.com/?q=50.4186552979022,-4.11884869999989&z=14"
"February 27, 2018 at 09:16AM",,"https://maps.google.com/?q=50.4186552979022,-4.11884869999989&z=14"
"February 28, 2018 at 09:05AM",,"https://maps.google.com/?q=50.4186552979022,-4.11884869999989&z=14"
"February 28, 2018 at 09:11AM",,"https://maps.google.com/?q=50.4186552979022,-4.11884869999989&z=14"
"March 05, 2018 at 11:27AM",,"https://maps.google.com/?q=50.4186552979022,-4.11884869999989&z=14"
"March 05, 2018 at 11:32AM",,"https://maps.google.com/?q=50.4186552979022,-4.11884869999989&z=14"
"March 06, 2018 at 09:03AM",,"https://maps.google.com/?q=50.4186552979022,-4.11884869999989&z=14"
"March 06, 2018 at 09:08AM",,"https://maps.google.com/?q=50.4186552979022,-4.11884869999989&z=14"
"March 07, 2018 at 09:12AM",,"https://maps.google.com/?q=50.4186552979022,-4.11884869999989&z=14"
"March 07, 2018 at 09:17AM",,"https://maps.google.com/?q=50.4186552979022,-4.11884869999989&z=14"
"March 08, 2018 at 09:16AM",,"https://maps.google.com/?q=50.4186552979022,-4.11884869999989&z=14"
"March 08, 2018 at 09:21AM",,"https://maps.google.com/?q=50.4186552979022,-4.11884869999989&z=14"
"March 09, 2018 at 09:03AM",,"https://maps.google.com/?q=50.4186552979022,-4.11884869999989&z=14"
"March 09, 2018 at 09:08AM",,"https://maps.google.com/?q=50.4186552979022,-4.11884869999989&z=14"
"March 12, 2018 at 09:35AM",,"https://maps.google.com/?q=50.4186552979022,-4.11884869999989&z=14"
"March 12, 2018 at 09:41AM",,"https://maps.google.com/?q=50.4186552979022,-4.11884869999989&z=14"
"March 13, 2018 at 09:39AM",,"https://maps.google.com/?q=50.4186552979022,-4.11884869999989&z=14"
"March 13, 2018 at 09:44AM",,"https://maps.google.com/?q=50.4186552979022,-4.11884869999989&z=14"
"March 14, 2018 at 09:02AM",,"https://maps.google.com/?q=50.4186552979022,-4.11884869999989&z=14"
"March 14, 2018 at 09:08AM",,"https://maps.google.com/?q=50.4186552979022,-4.11884869999989&z=14"
"March 15, 2018 at 09:04AM",,"https://maps.google.com/?q=50.4186552979022,-4.11884869999989&z=14"
"March 15, 2018 at 09:09AM",,"https://maps.google.com/?q=50.4186552979022,-4.11884869999989&z=14"
"March 16, 2018 at 08:53AM",,"https://maps.google.com/?q=50.4186552979022,-4.11884869999989&z=14"
"March 16, 2018 at 08:58AM",,"https://maps.google.com/?q=50.4186552979022,-4.11884869999989&z=14"
"March 20, 2018 at 09:25AM",,"https://maps.google.com/?q=50.4186552979022,-4.11884869999989&z=14"
"March 20, 2018 at 09:30AM",,"https://maps.google.com/?q=50.4186552979022,-4.11884869999989&z=14"
"March 21, 2018 at 09:12AM",,"https://maps.google.com/?q=50.4186552979022,-4.11884869999989&z=14"
"March 21, 2018 at 09:16AM",,"https://maps.google.com/?q=50.4186552979022,-4.11884869999989&z=14"
"March 22, 2018 at 09:08AM",,"https://maps.google.com/?q=50.4186552979022,-4.11884869999989&z=14"
"March 22, 2018 at 09:13AM",,"https://maps.google.com/?q=50.4186552979022,-4.11884869999989&z=14"
"March 23, 2018 at 09:02AM",,"https://maps.google.com/?q=50.4186552979022,-4.11884869999989&z=14"
"March 23, 2018 at 09:07AM",,"https://maps.google.com/?q=50.4186552979022,-4.11884869999989&z=14"
"March 26, 2018 at 09:04AM",,"https://maps.google.com/?q=50.4186552979022,-4.11884869999989&z=14"
"March 26, 2018 at 09:09AM",,"https://maps.google.com/?q=50.4186552979022,-4.11884869999989&z=14"
"March 27, 2018 at 09:11AM",,"https://maps.google.com/?q=50.4186552979022,-4.11884869999989&z=14"
"March 27, 2018 at 09:15AM",,"https://maps.google.com/?q=50.4186552979022,-4.11884869999989&z=14"
"March 29, 2018 at 08:36AM",,"https://maps.google.com/?q=50.4186552979022,-4.11884869999989&z=14"
"April 03, 2018 at 08:50AM",,"https://maps.google.com/?q=50.4186552979022,-4.11884869999989&z=14"
"April 03, 2018 at 08:55AM",,"https://maps.google.com/?q=50.4186552979022,-4.11884869999989&z=14"
"April 04, 2018 at 09:01AM",,"https://maps.google.com/?q=50.4186552979022,-4.11884869999989&z=14"
"April 04, 2018 at 09:06AM",,"https://maps.google.com/?q=50.4186552979022,-4.11884869999989&z=14"
"April 05, 2018 at 09:13AM",,"https://maps.google.com/?q=50.4186552979022,-4.11884869999989&z=14"
"April 05, 2018 at 09:18AM",,"https://maps.google.com/?q=50.4186552979022,-4.11884869999989&z=14"
"April 06, 2018 at 09:01AM",,"https://maps.google.com/?q=50.4186552979022,-4.11884869999989&z=14"
"April 06, 2018 at 09:05AM",,"https://maps.google.com/?q=50.4186552979022,-4.11884869999989&z=14"
"April 09, 2018 at 08:34AM",,"https://maps.google.com/?q=50.4186552979022,-4.11884869999989&z=14"
"April 09, 2018 at 08:39AM",,"https://maps.google.com/?q=50.4186552979022,-4.11884869999989&z=14"
"April 10, 2018 at 09:08AM",,"https://maps.google.com/?q=50.4186552979022,-4.11884869999989&z=14"
"April 10, 2018 at 09:14AM",,"https://maps.google.com/?q=50.4186552979022,-4.11884869999989&z=14"
"April 11, 2018 at 09:08AM",,"https://maps.google.com/?q=50.4186552979022,-4.11884869999989&z=14"
"April 11, 2018 at 09:13AM",,"https://maps.google.com/?q=50.4186552979022,-4.11884869999989&z=14"
"April 12, 2018 at 08:55AM",,"https://maps.google.com/?q=50.4186552979022,-4.11884869999989&z=14"
"April 12, 2018 at 09:00AM",,"https://maps.google.com/?q=50.4186552979022,-4.11884869999989&z=14"
"April 13, 2018 at 08:32AM",,"https://maps.google.com/?q=50.4186552979022,-4.11884869999989&z=14"
"April 13, 2018 at 08:37AM",,"https://maps.google.com/?q=50.4186552979022,-4.11884869999989&z=14"
"April 16, 2018 at 08:59AM",,"https://maps.google.com/?q=50.4186552979022,-4.11884869999989&z=14"
"April 16, 2018 at 09:05AM",,"https://maps.google.com/?q=50.4186552979022,-4.11884869999989&z=14"
"April 17, 2018 at 09:10AM",,"https://maps.google.com/?q=50.4186552979022,-4.11884869999989&z=14"
"April 17, 2018 at 09:14AM",,"https://maps.google.com/?q=50.4186552979022,-4.11884869999989&z=14"
"April 18, 2018 at 09:15AM",,"https://maps.google.com/?q=50.4186552979022,-4.11884869999989&z=14"
"April 18, 2018 at 09:20AM",,"https://maps.google.com/?q=50.4186552979022,-4.11884869999989&z=14"
"April 19, 2018 at 09:11AM",,"https://maps.google.com/?q=50.4186552979022,-4.11884869999989&z=14"
"April 19, 2018 at 09:16AM",,"https://maps.google.com/?q=50.4186552979022,-4.11884869999989&z=14"
"April 20, 2018 at 09:07AM",,"https://maps.google.com/?q=50.4186552979022,-4.11884869999989&z=14"
"April 20, 2018 at 09:12AM",,"https://maps.google.com/?q=50.4186552979022,-4.11884869999989&z=14"
"April 23, 2018 at 09:08AM",,"https://maps.google.com/?q=50.4186552979022,-4.11884869999989&z=14"
"April 23, 2018 at 09:13AM",,"https://maps.google.com/?q=50.4186552979022,-4.11884869999989&z=14"
"April 24, 2018 at 08:59AM",,"https://maps.google.com/?q=50.4186552979022,-4.11884869999989&z=14"
"April 24, 2018 at 09:04AM",,"https://maps.google.com/?q=50.4186552979022,-4.11884869999989&z=14"
"April 25, 2018 at 09:09AM",,"https://maps.google.com/?q=50.4186552979022,-4.11884869999989&z=14"
"April 25, 2018 at 09:13AM",,"https://maps.google.com/?q=50.4186552979022,-4.11884869999989&z=14"
"April 26, 2018 at 09:14AM",,"https://maps.google.com/?q=50.4186552979022,-4.11884869999989&z=14"
"April 26, 2018 at 09:16AM",,"https://maps.google.com/?q=50.4186552979022,-4.11884869999989&z=14"
"April 27, 2018 at 09:07AM",,"https://maps.google.com/?q=50.4186552979022,-4.11884869999989&z=14"
"April 27, 2018 at 09:17AM",,"https://maps.google.com/?q=50.4186552979022,-4.11884869999989&z=14"
"April 30, 2018 at 09:14AM",,"https://maps.google.com/?q=50.4186552979022,-4.11884869999989&z=14"
"May 01, 2018 at 09:10AM",,"https://maps.google.com/?q=50.4186552979022,-4.11884869999989&z=14"
"May 02, 2018 at 09:05AM",,"https://maps.google.com/?q=50.4186552979022,-4.11884869999989&z=14"
"May 03, 2018 at 09:12AM",,"https://maps.google.com/?q=50.4186552979022,-4.11884869999989&z=14"
"May 04, 2018 at 09:13AM",,"https://maps.google.com/?q=50.4186552979022,-4.11884869999989&z=14"
"May 04, 2018 at 09:16AM",,"https://maps.google.com/?q=50.4186552979022,-4.11884869999989&z=14"
"May 08, 2018 at 09:10AM",,"https://maps.google.com/?q=50.4186552979022,-4.11884869999989&z=14"
"May 08, 2018 at 09:15AM",,"https://maps.google.com/?q=50.4186552979022,-4.11884869999989&z=14"
"May 09, 2018 at 09:09AM",,"https://maps.google.com/?q=50.4186552979022,-4.11884869999989&z=14"
"May 09, 2018 at 09:13AM",,"https://maps.google.com/?q=50.4186552979022,-4.11884869999989&z=14"
"May 10, 2018 at 09:09AM",,"https://maps.google.com/?q=50.4186552979022,-4.11884869999989&z=14"
"May 10, 2018 at 09:14AM",,"https://maps.google.com/?q=50.4186552979022,-4.11884869999989&z=14"
"May 11, 2018 at 08:47AM",,"https://maps.google.com/?q=50.4186552979022,-4.11884869999989&z=14"
"May 11, 2018 at 08:52AM",,"https://maps.google.com/?q=50.4186552979022,-4.11884869999989&z=14"
"May 14, 2018 at 09:10AM",,"https://maps.google.com/?q=50.4186552979022,-4.11884869999989&z=14"
"May 14, 2018 at 09:15AM",,"https://maps.google.com/?q=50.4186552979022,-4.11884869999989&z=14"
"May 15, 2018 at 09:04AM",,"https://maps.google.com/?q=50.4186552979022,-4.11884869999989&z=14"
"May 15, 2018 at 09:09AM",,"https://maps.google.com/?q=50.4186552979022,-4.11884869999989&z=14"
"May 16, 2018 at 09:05AM",,"https://maps.google.com/?q=50.4186552979022,-4.11884869999989&z=14"
"May 16, 2018 at 09:09AM",,"https://maps.google.com/?q=50.4186552979022,-4.11884869999989&z=14"
"May 17, 2018 at 09:14AM",,"https://maps.google.com/?q=50.4186552979022,-4.11884869999989&z=14"
"May 17, 2018 at 09:19AM",,"https://maps.google.com/?q=50.4186552979022,-4.11884869999989&z=14"
"May 18, 2018 at 08:56AM",,"https://maps.google.com/?q=50.4186552979022,-4.11884869999989&z=14"
"May 18, 2018 at 09:01AM",,"https://maps.google.com/?q=50.4186552979022,-4.11884869999989&z=14"
"May 21, 2018 at 09:08AM",,"https://maps.google.com/?q=50.4186552979022,-4.11884869999989&z=14"
"May 21, 2018 at 09:13AM",,"https://maps.google.com/?q=50.4186552979022,-4.11884869999989&z=14"
"May 22, 2018 at 09:07AM",,"https://maps.google.com/?q=50.4186552979022,-4.11884869999989&z=14"
"May 22, 2018 at 09:12AM",,"https://maps.google.com/?q=50.4186552979022,-4.11884869999989&z=14"
"May 23, 2018 at 08:58AM",,"https://maps.google.com/?q=50.4186552979022,-4.11884869999989&z=14"
"May 23, 2018 at 09:03AM",,"https://maps.google.com/?q=50.4186552979022,-4.11884869999989&z=14"
"May 24, 2018 at 08:55AM",,"https://maps.google.com/?q=50.4186552979022,-4.11884869999989&z=14"
"May 24, 2018 at 09:01AM",,"https://maps.google.com/?q=50.4186552979022,-4.11884869999989&z=14"
"May 29, 2018 at 09:06AM",,"https://maps.google.com/?q=50.4186552979022,-4.11884869999989&z=14"
"May 29, 2018 at 09:11AM",,"https://maps.google.com/?q=50.4186552979022,-4.11884869999989&z=14"
"May 30, 2018 at 09:07AM",,"https://maps.google.com/?q=50.4186552979022,-4.11884869999989&z=14"
"May 30, 2018 at 09:13AM",,"https://maps.google.com/?q=50.4186552979022,-4.11884869999989&z=14"
"May 31, 2018 at 09:06AM",,"https://maps.google.com/?q=50.4186552979022,-4.11884869999989&z=14"
"May 31, 2018 at 09:12AM",,"https://maps.google.com/?q=50.4186552979022,-4.11884869999989&z=14"
"June 01, 2018 at 09:19AM",,"https://maps.google.com/?q=50.4186552979022,-4.11884869999989&z=14"
"June 01, 2018 at 09:24AM",,"https://maps.google.com/?q=50.4186552979022,-4.11884869999989&z=14"
"June 04, 2018 at 09:03AM",,"https://maps.google.com/?q=50.4186552979022,-4.11884869999989&z=14"
"June 04, 2018 at 09:08AM",,"https://maps.google.com/?q=50.4186552979022,-4.11884869999989&z=14"
"June 05, 2018 at 08:53AM",,"https://maps.google.com/?q=50.4186552979022,-4.11884869999989&z=14"
"June 05, 2018 at 08:59AM",,"https://maps.google.com/?q=50.4186552979022,-4.11884869999989&z=14"
"June 06, 2018 at 08:53AM",,"https://maps.google.com/?q=50.4186552979022,-4.11884869999989&z=14"
"June 06, 2018 at 08:59AM",,"https://maps.google.com/?q=50.4186552979022,-4.11884869999989&z=14"
"June 07, 2018 at 09:15AM",,"https://maps.google.com/?q=50.4186552979022,-4.11884869999989&z=14"
"June 07, 2018 at 09:20AM",,"https://maps.google.com/?q=50.4186552979022,-4.11884869999989&z=14"
"June 08, 2018 at 09:18AM",,"https://maps.google.com/?q=50.4186552979022,-4.11884869999989&z=14"
"June 08, 2018 at 09:23AM",,"https://maps.google.com/?q=50.4186552979022,-4.11884869999989&z=14"
"June 11, 2018 at 09:10AM",,"https://maps.google.com/?q=50.4186552979022,-4.11884869999989&z=14"
"June 11, 2018 at 09:16AM",,"https://maps.google.com/?q=50.4186552979022,-4.11884869999989&z=14"
"June 12, 2018 at 08:58AM",,"https://maps.google.com/?q=50.4186552979022,-4.11884869999989&z=14"
"June 12, 2018 at 09:04AM",,"https://maps.google.com/?q=50.4186552979022,-4.11884869999989&z=14"
"June 13, 2018 at 09:09AM",,"https://maps.google.com/?q=50.4186552979022,-4.11884869999989&z=14"
"June 13, 2018 at 09:15AM",,"https://maps.google.com/?q=50.4186552979022,-4.11884869999989&z=14"
"June 14, 2018 at 09:15AM",,"https://maps.google.com/?q=50.4186552979022,-4.11884869999989&z=14"
"June 14, 2018 at 09:20AM",,"https://maps.google.com/?q=50.4186552979022,-4.11884869999989&z=14"
"June 15, 2018 at 08:59AM",,"https://maps.google.com/?q=50.4186552979022,-4.11884869999989&z=14"
"June 15, 2018 at 09:04AM",,"https://maps.google.com/?q=50.4186552979022,-4.11884869999989&z=14"
"June 18, 2018 at 09:06AM",,"https://maps.google.com/?q=50.4186552979022,-4.11884869999989&z=14"
"June 18, 2018 at 09:11AM",,"https://maps.google.com/?q=50.4186552979022,-4.11884869999989&z=14"
"June 19, 2018 at 09:00AM",,"https://maps.google.com/?q=50.4186552979022,-4.11884869999989&z=14"
"June 19, 2018 at 09:05AM",,"https://maps.google.com/?q=50.4186552979022,-4.11884869999989&z=14"
"June 20, 2018 at 09:17AM",,"https://maps.google.com/?q=50.4186552979022,-4.11884869999989&z=14"
"June 20, 2018 at 09:22AM",,"https://maps.google.com/?q=50.4186552979022,-4.11884869999989&z=14"
"June 21, 2018 at 09:14AM",,"https://maps.google.com/?q=50.4186552979022,-4.11884869999989&z=14"
"June 21, 2018 at 09:21AM",,"https://maps.google.com/?q=50.4186552979022,-4.11884869999989&z=14"
"June 22, 2018 at 09:20AM",,"https://maps.google.com/?q=50.4186552979022,-4.11884869999989&z=14"
"June 22, 2018 at 09:25AM",,"https://maps.google.com/?q=50.4186552979022,-4.11884869999989&z=14"
"June 25, 2018 at 09:13AM",,"https://maps.google.com/?q=50.4186552979022,-4.11884869999989&z=14"
"June 25, 2018 at 09:18AM",,"https://maps.google.com/?q=50.4186552979022,-4.11884869999989&z=14"
"June 26, 2018 at 08:59AM",,"https://maps.google.com/?q=50.4186552979022,-4.11884869999989&z=14"
"June 26, 2018 at 09:04AM",,"https://maps.google.com/?q=50.4186552979022,-4.11884869999989&z=14"
"June 27, 2018 at 09:12AM",,"https://maps.google.com/?q=50.4186552979022,-4.11884869999989&z=14"
"June 27, 2018 at 09:18AM",,"https://maps.google.com/?q=50.4186552979022,-4.11884869999989&z=14"
"June 28, 2018 at 09:11AM",,"https://maps.google.com/?q=50.4186552979022,-4.11884869999989&z=14"
"June 28, 2018 at 09:17AM",,"https://maps.google.com/?q=50.4186552979022,-4.11884869999989&z=14"
"July 02, 2018 at 08:59AM",,"https://maps.google.com/?q=50.4186552979022,-4.11884869999989&z=14"
"July 02, 2018 at 09:04AM",,"https://maps.google.com/?q=50.4186552979022,-4.11884869999989&z=14"
"July 03, 2018 at 08:48AM",,"https://maps.google.com/?q=50.4186552979022,-4.11884869999989&z=14"
"July 03, 2018 at 08:53AM",,"https://maps.google.com/?q=50.4186552979022,-4.11884869999989&z=14"
"July 04, 2018 at 08:57AM",,"https://maps.google.com/?q=50.4186552979022,-4.11884869999989&z=14"
"July 04, 2018 at 09:03AM",,"https://maps.google.com/?q=50.4186552979022,-4.11884869999989&z=14"
"July 05, 2018 at 08:46AM",,"https://maps.google.com/?q=50.4186552979022,-4.11884869999989&z=14"
"July 05, 2018 at 08:52AM",,"https://maps.google.com/?q=50.4186552979022,-4.11884869999989&z=14"
"July 06, 2018 at 09:09AM",,"https://maps.google.com/?q=50.4186552979022,-4.11884869999989&z=14"
"July 06, 2018 at 09:14AM",,"https://maps.google.com/?q=50.4186552979022,-4.11884869999989&z=14"
"July 09, 2018 at 09:08AM",,"https://maps.google.com/?q=50.4186552979022,-4.11884869999989&z=14"
"July 09, 2018 at 09:13AM",,"https://maps.google.com/?q=50.4186552979022,-4.11884869999989&z=14"
"July 10, 2018 at 09:06AM",,"https://maps.google.com/?q=50.4186552979022,-4.11884869999989&z=14"
"July 10, 2018 at 09:11AM",,"https://maps.google.com/?q=50.4186552979022,-4.11884869999989&z=14"
"July 11, 2018 at 09:09AM",,"https://maps.google.com/?q=50.4186552979022,-4.11884869999989&z=14"
"July 11, 2018 at 09:14AM",,"https://maps.google.com/?q=50.4186552979022,-4.11884869999989&z=14"
"July 12, 2018 at 09:05AM",,"https://maps.google.com/?q=50.4186552979022,-4.11884869999989&z=14"
"July 12, 2018 at 09:10AM",,"https://maps.google.com/?q=50.4186552979022,-4.11884869999989&z=14"
"July 13, 2018 at 09:17AM",,"https://maps.google.com/?q=50.4186552979022,-4.11884869999989&z=14"
"July 13, 2018 at 09:23AM",,"https://maps.google.com/?q=50.4186552979022,-4.11884869999989&z=14"
"July 16, 2018 at 09:15AM",,"https://maps.google.com/?q=50.4186552979022,-4.11884869999989&z=14"
"July 16, 2018 at 09:20AM",,"https://maps.google.com/?q=50.4186552979022,-4.11884869999989&z=14"
"July 17, 2018 at 09:15AM",,"https://maps.google.com/?q=50.4186552979022,-4.11884869999989&z=14"
"July 18, 2018 at 09:09AM",,"https://maps.google.com/?q=50.4186552979022,-4.11884869999989&z=14"
"July 18, 2018 at 09:13AM",,"https://maps.google.com/?q=50.4186552979022,-4.11884869999989&z=14"
"July 19, 2018 at 09:08AM",,"https://maps.google.com/?q=50.4186552979022,-4.11884869999989&z=14"
"July 19, 2018 at 09:13AM",,"https://maps.google.com/?q=50.4186552979022,-4.11884869999989&z=14"
"July 20, 2018 at 09:13AM",,"https://maps.google.com/?q=50.4186552979022,-4.11884869999989&z=14"
"July 20, 2018 at 09:18AM",,"https://maps.google.com/?q=50.4186552979022,-4.11884869999989&z=14"
"July 23, 2018 at 09:09AM",,"https://maps.google.com/?q=50.4186552979022,-4.11884869999989&z=14"
"July 23, 2018 at 09:14AM",,"https://maps.google.com/?q=50.4186552979022,-4.11884869999989&z=14"
"July 24, 2018 at 09:13AM",,"https://maps.google.com/?q=50.4186552979022,-4.11884869999989&z=14"
"July 24, 2018 at 09:17AM",,"https://maps.google.com/?q=50.4186552979022,-4.11884869999989&z=14"
"July 25, 2018 at 09:04AM",,"https://maps.google.com/?q=50.4186552979022,-4.11884869999989&z=14"
"July 25, 2018 at 09:09AM",,"https://maps.google.com/?q=50.4186552979022,-4.11884869999989&z=14"
"July 26, 2018 at 09:06AM",,"https://maps.google.com/?q=50.4186552979022,-4.11884869999989&z=14"
"July 26, 2018 at 09:11AM",,"https://maps.google.com/?q=50.4186552979022,-4.11884869999989&z=14"
"July 27, 2018 at 08:59AM",,"https://maps.google.com/?q=50.4186552979022,-4.11884869999989&z=14"
"July 27, 2018 at 09:04AM",,"https://maps.google.com/?q=50.4186552979022,-4.11884869999989&z=14"
"July 30, 2018 at 09:02AM",,"https://maps.google.com/?q=50.4186552979022,-4.11884869999989&z=14"
"July 30, 2018 at 09:07AM",,"https://maps.google.com/?q=50.4186552979022,-4.11884869999989&z=14"
"July 31, 2018 at 09:02AM",,"https://maps.google.com/?q=50.4186552979022,-4.11884869999989&z=14"
"July 31, 2018 at 09:07AM",,"https://maps.google.com/?q=50.4186552979022,-4.11884869999989&z=14"
"August 01, 2018 at 09:11AM",,"https://maps.google.com/?q=50.4186552979022,-4.11884869999989&z=14"
"August 01, 2018 at 09:16AM",,"https://maps.google.com/?q=50.4186552979022,-4.11884869999989&z=14"
"August 02, 2018 at 08:54AM",,"https://maps.google.com/?q=50.4186552979022,-4.11884869999989&z=14"
"August 02, 2018 at 08:59AM",,"https://maps.google.com/?q=50.4186552979022,-4.11884869999989&z=14"
"August 13, 2018 at 12:08PM",,"https://maps.google.com/?q=50.4186552979022,-4.11884869999989&z=14"
"August 13, 2018 at 12:14PM",,"https://maps.google.com/?q=50.4186552979022,-4.11884869999989&z=14"
"August 14, 2018 at 09:18AM",,"https://maps.google.com/?q=50.4186552979022,-4.11884869999989&z=14"
"August 14, 2018 at 09:24AM",,"https://maps.google.com/?q=50.4186552979022,-4.11884869999989&z=14"
"August 15, 2018 at 09:12AM",,"https://maps.google.com/?q=50.4186552979022,-4.11884869999989&z=14"
"August 15, 2018 at 09:18AM",,"https://maps.google.com/?q=50.4186552979022,-4.11884869999989&z=14"
"August 16, 2018 at 09:18AM",,"https://maps.google.com/?q=50.4186552979022,-4.11884869999989&z=14"
"August 16, 2018 at 09:23AM",,"https://maps.google.com/?q=50.4186552979022,-4.11884869999989&z=14"
"August 28, 2018 at 09:35AM",,"https://maps.google.com/?q=50.4186552979022,-4.11884869999989&z=14"
"August 28, 2018 at 09:40AM",,"https://maps.google.com/?q=50.4186552979022,-4.11884869999989&z=14"
"August 29, 2018 at 09:06AM",,"https://maps.google.com/?q=50.4186552979022,-4.11884869999989&z=14"
"August 29, 2018 at 09:12AM",,"https://maps.google.com/?q=50.4186552979022,-4.11884869999989&z=14"
"August 30, 2018 at 09:23AM",,"https://maps.google.com/?q=50.4186552979022,-4.11884869999989&z=14"
"August 30, 2018 at 09:31AM",,"https://maps.google.com/?q=50.4186552979022,-4.11884869999989&z=14"
"August 31, 2018 at 09:08AM",,"https://maps.google.com/?q=50.4186552979022,-4.11884869999989&z=14"
"August 31, 2018 at 09:14AM",,"https://maps.google.com/?q=50.4186552979022,-4.11884869999989&z=14"
"September 03, 2018 at 09:20AM",,"https://maps.google.com/?q=50.4186552979022,-4.11884869999989&z=14"
"September 03, 2018 at 09:57AM",,"https://maps.google.com/?q=50.4186552979022,-4.11884869999989&z=14"
"September 04, 2018 at 09:15AM",,"https://maps.google.com/?q=50.4186552979022,-4.11884869999989&z=14"
"September 05, 2018 at 09:16AM",,"https://maps.google.com/?q=50.4186552979022,-4.11884869999989&z=14"
"September 06, 2018 at 09:11AM",,"https://maps.google.com/?q=50.4186552979022,-4.11884869999989&z=14"
"September 07, 2018 at 09:24AM",,"https://maps.google.com/?q=50.4186552979022,-4.11884869999989&z=14"
"September 12, 2018 at 09:40AM",,"https://maps.google.com/?q=50.4186552979022,-4.11884869999989&z=14"
"September 13, 2018 at 09:57AM",,"https://maps.google.com/?q=50.4186552979022,-4.11884869999989&z=14"
"September 14, 2018 at 09:18AM",,"https://maps.google.com/?q=50.4186552979022,-4.11884869999989&z=14"
"September 17, 2018 at 09:02AM",,"https://maps.google.com/?q=50.4186552979022,-4.11884869999989&z=14"
"September 17, 2018 at 10:29AM",,"https://maps.google.com/?q=50.4186552979022,-4.11884869999989&z=14"
"September 17, 2018 at 10:43AM",,"https://maps.google.com/?q=50.4186552979022,-4.11884869999989&z=14"
"September 17, 2018 at 11:28AM",,"https://maps.google.com/?q=50.4186552979022,-4.11884869999989&z=14"
"September 17, 2018 at 12:21PM",,"https://maps.google.com/?q=50.4186552979022,-4.11884869999989&z=14"
"September 18, 2018 at 09:02AM",,"https://maps.google.com/?q=50.4186552979022,-4.11884869999989&z=14"
"September 18, 2018 at 09:08AM",,"https://maps.google.com/?q=50.4186552979022,-4.11884869999989&z=14"
"September 19, 2018 at 09:31AM",,"https://maps.google.com/?q=50.4186552979022,-4.11884869999989&z=14"
"September 20, 2018 at 09:19AM",,"https://maps.google.com/?q=50.4186552979022,-4.11884869999989&z=14"
"September 20, 2018 at 09:26AM",,"https://maps.google.com/?q=50.4186552979022,-4.11884869999989&z=14"
"September 21, 2018 at 09:24AM",,"https://maps.google.com/?q=50.4186552979022,-4.11884869999989&z=14"
"September 24, 2018 at 09:26AM",,"https://maps.google.com/?q=50.4186552979022,-4.11884869999989&z=14"
"September 25, 2018 at 09:08AM",,"https://maps.google.com/?q=50.4186552979022,-4.11884869999989&z=14"
"September 26, 2018 at 09:11AM",,"https://maps.google.com/?q=50.4186552979022,-4.11884869999989&z=14"
"September 27, 2018 at 09:19AM",,"https://maps.google.com/?q=50.4186552979022,-4.11884869999989&z=14"
"October 01, 2018 at 09:30AM",,"https://maps.google.com/?q=50.4186552979022,-4.11884869999989&z=14"
"October 02, 2018 at 09:13AM",,"https://maps.google.com/?q=50.4186552979022,-4.11884869999989&z=14"
"October 03, 2018 at 09:11AM",,"https://maps.google.com/?q=50.4186552979022,-4.11884869999989&z=14"
"October 05, 2018 at 09:11AM",,"https://maps.google.com/?q=50.4186552979022,-4.11884869999989&z=14"
"October 08, 2018 at 09:19AM",,"https://maps.google.com/?q=50.4186552979022,-4.11884869999989&z=14"
"October 09, 2018 at 09:23AM",,"https://maps.google.com/?q=50.4186552979022,-4.11884869999989&z=14"
"October 11, 2018 at 09:23AM",,"https://maps.google.com/?q=50.4186552979022,-4.11884869999989&z=14"
"October 12, 2018 at 09:31AM",,"https://maps.google.com/?q=50.4186552979022,-4.11884869999989&z=14"
"October 15, 2018 at 09:32AM",,"https://maps.google.com/?q=50.4186552979022,-4.11884869999989&z=14"
"October 16, 2018 at 09:19AM",,"https://maps.google.com/?q=50.4186552979022,-4.11884869999989&z=14"
"October 18, 2018 at 09:11AM",,"https://maps.google.com/?q=50.4186552979022,-4.11884869999989&z=14"
"October 19, 2018 at 09:13AM",,"https://maps.google.com/?q=50.4186552979022,-4.11884869999989&z=14"
"October 23, 2018 at 09:15AM",,"https://maps.google.com/?q=50.4186552979022,-4.11884869999989&z=14"
"October 29, 2018 at 09:26AM",,"https://maps.google.com/?q=50.4186552979022,-4.11884869999989&z=14"
"October 30, 2018 at 09:15AM",,"https://maps.google.com/?q=50.4186552979022,-4.11884869999989&z=14"
"October 31, 2018 at 09:14AM",,"https://maps.google.com/?q=50.4186552979022,-4.11884869999989&z=14"
"November 01, 2018 at 09:11AM",,"https://maps.google.com/?q=50.4186552979022,-4.11884869999989&z=14"
"November 02, 2018 at 08:54AM",,"https://maps.google.com/?q=50.4186552979022,-4.11884869999989&z=14"
"November 05, 2018 at 09:15AM",,"https://maps.google.com/?q=50.4186552979022,-4.11884869999989&z=14"
"November 06, 2018 at 09:07AM",,"https://maps.google.com/?q=50.4186552979022,-4.11884869999989&z=14"
"November 07, 2018 at 09:07AM",,"https://maps.google.com/?q=50.4186552979022,-4.11884869999989&z=14"
"November 08, 2018 at 09:13AM",,"https://maps.google.com/?q=50.4186552979022,-4.11884869999989&z=14"
"November 09, 2018 at 09:07AM",,"https://maps.google.com/?q=50.4186552979022,-4.11884869999989&z=14"
"November 12, 2018 at 09:07AM",,"https://maps.google.com/?q=50.4186552979022,-4.11884869999989&z=14"
"November 13, 2018 at 09:14AM",,"https://maps.google.com/?q=50.4186552979022,-4.11884869999989&z=14"
"November 14, 2018 at 09:07AM",,"https://maps.google.com/?q=50.4186552979022,-4.11884869999989&z=14"
"November 15, 2018 at 09:22AM",,"https://maps.google.com/?q=50.4186552979022,-4.11884869999989&z=14"
"November 16, 2018 at 09:18AM",,"https://maps.google.com/?q=50.4186552979022,-4.11884869999989&z=14"
"November 19, 2018 at 09:20AM",,"https://maps.google.com/?q=50.4186552979022,-4.11884869999989&z=14"
"November 20, 2018 at 09:02AM",,"https://maps.google.com/?q=50.4186552979022,-4.11884869999989&z=14"
"November 21, 2018 at 09:02AM",,"https://maps.google.com/?q=50.4186552979022,-4.11884869999989&z=14"
"November 22, 2018 at 09:41AM",,"https://maps.google.com/?q=50.4186552979022,-4.11884869999989&z=14"
"November 23, 2018 at 09:50AM",,"https://maps.google.com/?q=50.4186552979022,-4.11884869999989&z=14"
"November 26, 2018 at 09:24AM",,"https://maps.google.com/?q=50.4186552979022,-4.11884869999989&z=14"
"November 27, 2018 at 09:20AM",,"https://maps.google.com/?q=50.4186552979022,-4.11884869999989&z=14"
"November 28, 2018 at 12:40PM",,"https://maps.google.com/?q=50.4186552979022,-4.11884869999989&z=14"
"November 29, 2018 at 09:19AM",,"https://maps.google.com/?q=50.4186552979022,-4.11884869999989&z=14"
"November 30, 2018 at 09:20AM",,"https://maps.google.com/?q=50.4186552979022,-4.11884869999989&z=14"
"December 03, 2018 at 09:20AM",,"https://maps.google.com/?q=50.4186552979022,-4.11884869999989&z=14"
"December 04, 2018 at 09:11AM",,"https://maps.google.com/?q=50.4186552979022,-4.11884869999989&z=14"
"December 05, 2018 at 09:11AM",,"https://maps.google.com/?q=50.4186552979022,-4.11884869999989&z=14"
"December 07, 2018 at 09:22AM",,"https://maps.google.com/?q=50.4186552979022,-4.11884869999989&z=14"
"December 10, 2018 at 09:16AM",,"https://maps.google.com/?q=50.4186552979022,-4.11884869999989&z=14"
"December 11, 2018 at 09:13AM",,"https://maps.google.com/?q=50.4186552979022,-4.11884869999989&z=14"
"December 12, 2018 at 09:15AM",,"https://maps.google.com/?q=50.4186552979022,-4.11884869999989&z=14"
"December 13, 2018 at 09:20AM",,"https://maps.google.com/?q=50.4186552979022,-4.11884869999989&z=14"
"December 14, 2018 at 09:21AM",,"https://maps.google.com/?q=50.4186552979022,-4.11884869999989&z=14"
"December 17, 2018 at 09:22AM",,"https://maps.google.com/?q=50.4186552979022,-4.11884869999989&z=14"
"December 18, 2018 at 09:11AM",,"https://maps.google.com/?q=50.4186552979022,-4.11884869999989&z=14"
"December 19, 2018 at 09:09AM",,"https://maps.google.com/?q=50.4186552979022,-4.11884869999989&z=14"
"December 20, 2018 at 09:11AM",,"https://maps.google.com/?q=50.4186552979022,-4.11884869999989&z=14"
"December 21, 2018 at 09:22AM",,"https://maps.google.com/?q=50.4186552979022,-4.11884869999989&z=14"