"August 16, 2017 at 08:33AM",,"https://maps.google.com/?q=50.6542429688374,-3.65456442116985&z=19"
"August 17, 2017 at 08:30AM",,"https://maps.google.com/?q=50.6542429688374,-3.65456442116985&z=19"
"August 18, 2017 at 08:31AM",,"https://maps.google.com/?q=50.6542429688374,-3.65456442116985&z=19"
"August 18, 2017 at 08:38PM",,"https://maps.google.com/?q=50.6542429688374,-3.65456442116985&z=19"
"August 19, 2017 at 02:29PM",,"https://maps.google.com/?q=50.6542429688374,-3.65456442116985&z=19"
"September 03, 2017 at 11:11AM",,"https://maps.google.com/?q=50.6542429688374,-3.65456442116985&z=19"
"September 04, 2017 at 08:35AM",,"https://maps.google.com/?q=50.6542429688374,-3.65456442116985&z=19"
"September 05, 2017 at 08:28AM",,"https://maps.google.com/?q=50.6542429688374,-3.65456442116985&z=19"
"September 06, 2017 at 08:25AM",,"https://maps.google.com/?q=50.6542429688374,-3.65456442116985&z=19"
"September 07, 2017 at 08:33AM",,"https://maps.google.com/?q=50.6542429688374,-3.65456442116985&z=19"
"September 08, 2017 at 08:33AM",,"https://maps.google.com/?q=50.6542429688374,-3.65456442116985&z=19"
"September 10, 2017 at 12:23PM",,"https://maps.google.com/?q=50.6542429688374,-3.65456442116985&z=19"
"September 11, 2017 at 08:26AM",,"https://maps.google.com/?q=50.6542429688374,-3.65456442116985&z=19"
"September 12, 2017 at 08:22AM",,"https://maps.google.com/?q=50.6542429688374,-3.65456442116985&z=19"
"September 13, 2017 at 08:28AM",,"https://maps.google.com/?q=50.6542429688374,-3.65456442116985&z=19"
"September 14, 2017 at 08:43AM",,"https://maps.google.com/?q=50.6542429688374,-3.65456442116985&z=19"
"September 15, 2017 at 08:42AM",,"https://maps.google.com/?q=50.6542429688374,-3.65456442116985&z=19"
"September 16, 2017 at 11:35AM",,"https://maps.google.com/?q=50.6542429688374,-3.65456442116985&z=19"
"September 17, 2017 at 05:00PM",,"https://maps.google.com/?q=50.6542429688374,-3.65456442116985&z=19"
"September 18, 2017 at 08:33AM",,"https://maps.google.com/?q=50.6542429688374,-3.65456442116985&z=19"
"September 19, 2017 at 08:29AM",,"https://maps.google.com/?q=50.6542429688374,-3.65456442116985&z=19"
"September 20, 2017 at 08:33AM",,"https://maps.google.com/?q=50.6542429688374,-3.65456442116985&z=19"
"September 21, 2017 at 08:24AM",,"https://maps.google.com/?q=50.6542429688374,-3.65456442116985&z=19"
"September 22, 2017 at 08:33AM",,"https://maps.google.com/?q=50.6542429688374,-3.65456442116985&z=19"
"September 25, 2017 at 08:57AM",,"https://maps.google.com/?q=50.6542429688374,-3.65456442116985&z=19"
"September 25, 2017 at 09:01AM",,"https://maps.google.com/?q=50.6542429688374,-3.65456442116985&z=19"
"September 26, 2017 at 08:29AM",,"https://maps.google.com/?q=50.6542429688374,-3.65456442116985&z=19"
"September 27, 2017 at 08:27AM",,"https://maps.google.com/?q=50.6542429688374,-3.65456442116985&z=19"
"September 28, 2017 at 08:26AM",,"https://maps.google.com/?q=50.6542429688374,-3.65456442116985&z=19"
"September 29, 2017 at 08:26AM",,"https://maps.google.com/?q=50.6542429688374,-3.65456442116985&z=19"
"September 30, 2017 at 11:36AM",,"https://maps.google.com/?q=50.6542429688374,-3.65456442116985&z=19"
"October 01, 2017 at 11:29AM",,"https://maps.google.com/?q=50.6542429688374,-3.65456442116985&z=19"
"October 02, 2017 at 08:33AM",,"https://maps.google.com/?q=50.6542429688374,-3.65456442116985&z=19"
"October 03, 2017 at 12:58PM",,"https://maps.google.com/?q=50.6542429688374,-3.65456442116985&z=19"
"October 05, 2017 at 08:35AM",,"https://maps.google.com/?q=50.6542429688374,-3.65456442116985&z=19"
"October 06, 2017 at 08:37AM",,"https://maps.google.com/?q=50.6542429688374,-3.65456442116985&z=19"
"October 08, 2017 at 12:18PM",,"https://maps.google.com/?q=50.6542429688374,-3.65456442116985&z=19"
"October 09, 2017 at 08:31AM",,"https://maps.google.com/?q=50.6542429688374,-3.65456442116985&z=19"
"October 10, 2017 at 08:35AM",,"https://maps.google.com/?q=50.6542429688374,-3.65456442116985&z=19"
"October 11, 2017 at 08:36AM",,"https://maps.google.com/?q=50.6542429688374,-3.65456442116985&z=19"
"October 12, 2017 at 08:27AM",,"https://maps.google.com/?q=50.6542429688374,-3.65456442116985&z=19"
"October 14, 2017 at 11:21AM",,"https://maps.google.com/?q=50.6542429688374,-3.65456442116985&z=19"
"October 15, 2017 at 01:17PM",,"https://maps.google.com/?q=50.6542429688374,-3.65456442116985&z=19"
"October 16, 2017 at 08:34AM",,"https://maps.google.com/?q=50.6542429688374,-3.65456442116985&z=19"
"October 17, 2017 at 08:35AM",,"https://maps.google.com/?q=50.6542429688374,-3.65456442116985&z=19"
"October 18, 2017 at 08:28AM",,"https://maps.google.com/?q=50.6542429688374,-3.65456442116985&z=19"
"October 19, 2017 at 08:26AM",,"https://maps.google.com/?q=50.6542429688374,-3.65456442116985&z=19"
"October 20, 2017 at 08:32AM",,"https://maps.google.com/?q=50.6542429688374,-3.65456442116985&z=19"
"October 20, 2017 at 06:37PM",,"https://maps.google.com/?q=50.6542429688374,-3.65456442116985&z=19"
"October 30, 2017 at 07:40AM",,"https://maps.google.com/?q=50.6542429688374,-3.65456442116985&z=19"
"October 31, 2017 at 08:36AM",,"https://maps.google.com/?q=50.6542429688374,-3.65456442116985&z=19"
"November 01, 2017 at 08:36AM",,"https://maps.google.com/?q=50.6542429688374,-3.65456442116985&z=19"
"November 02, 2017 at 08:37AM",,"https://maps.google.com/?q=50.6542429688374,-3.65456442116985&z=19"
"November 03, 2017 at 08:36AM",,"https://maps.google.com/?q=50.6542429688374,-3.65456442116985&z=19"
"November 04, 2017 at 11:42AM",,"https://maps.google.com/?q=50.6542429688374,-3.65456442116985&z=19"
"November 04, 2017 at 06:07PM",,"https://maps.google.com/?q=50.6542429688374,-3.65456442116985&z=19"
"November 05, 2017 at 01:20PM",,"https://maps.google.com/?q=50.6542429688374,-3.65456442116985&z=19"
"November 06, 2017 at 08:35AM",,"https://maps.google.com/?q=50.6542429688374,-3.65456442116985&z=19"
"November 07, 2017 at 11:10AM","=IMAGE(""http://maps.google.com/maps/api/staticmap?center=50.6542429688374,-3.65456442116985&zoom=18&size=640x640&scale=1&maptype=roadmap&sensor=false&markers=color:red%7C50.6542429688374,-3.65456442116985"";1)","https://maps.google.com/?q=50.6542429688374,-3.65456442116985&z=19"
"November 20, 2017 at 08:10AM",,"https://maps.google.com/?q=50.6542429688374,-3.65456442116985&z=19"
"November 20, 2017 at 05:57PM",,"https://maps.google.com/?q=50.6542429688374,-3.65456442116985&z=19"
"November 21, 2017 at 08:33AM",,"https://maps.google.com/?q=50.6542429688374,-3.65456442116985&z=19"
"November 22, 2017 at 08:39AM",,"https://maps.google.com/?q=50.6542429688374,-3.65456442116985&z=19"
"November 23, 2017 at 08:34AM",,"https://maps.google.com/?q=50.6542429688374,-3.65456442116985&z=19"
"November 24, 2017 at 08:31AM",,"https://maps.google.com/?q=50.6542429688374,-3.65456442116985&z=19"
"November 25, 2017 at 10:58AM",,"https://maps.google.com/?q=50.6542429688374,-3.65456442116985&z=19"
"November 25, 2017 at 11:07AM",,"https://maps.google.com/?q=50.6542429688374,-3.65456442116985&z=19"
"November 26, 2017 at 04:23PM",,"https://maps.google.com/?q=50.6542429688374,-3.65456442116985&z=19"
"November 27, 2017 at 08:26AM",,"https://maps.google.com/?q=50.6542429688374,-3.65456442116985&z=19"
"November 28, 2017 at 08:42AM",,"https://maps.google.com/?q=50.6542429688374,-3.65456442116985&z=19"
"November 29, 2017 at 08:27AM",,"https://maps.google.com/?q=50.6542429688374,-3.65456442116985&z=19"
"November 30, 2017 at 08:34AM",,"https://maps.google.com/?q=50.6542429688374,-3.65456442116985&z=19"
"December 01, 2017 at 08:21AM",,"https://maps.google.com/?q=50.6542429688374,-3.65456442116985&z=19"
"December 04, 2017 at 08:26AM",,"https://maps.google.com/?q=50.6542429688374,-3.65456442116985&z=19"
"December 05, 2017 at 04:23PM",,"https://maps.google.com/?q=50.6542429688374,-3.65456442116985&z=19"
"December 07, 2017 at 08:31AM",,"https://maps.google.com/?q=50.6542429688374,-3.65456442116985&z=19"
"December 08, 2017 at 02:18PM",,"https://maps.google.com/?q=50.6542429688374,-3.65456442116985&z=19"
"December 09, 2017 at 11:42AM",,"https://maps.google.com/?q=50.6542429688374,-3.65456442116985&z=19"
"December 09, 2017 at 02:58PM",,"https://maps.google.com/?q=50.6542429688374,-3.65456442116985&z=19"
"December 10, 2017 at 04:40PM",,"https://maps.google.com/?q=50.6542429688374,-3.65456442116985&z=19"
"December 11, 2017 at 08:15AM",,"https://maps.google.com/?q=50.6542429688374,-3.65456442116985&z=19"
"December 12, 2017 at 08:31AM",,"https://maps.google.com/?q=50.6542429688374,-3.65456442116985&z=19"
"December 13, 2017 at 08:23AM",,"https://maps.google.com/?q=50.6542429688374,-3.65456442116985&z=19"
"December 14, 2017 at 08:35AM",,"https://maps.google.com/?q=50.6542429688374,-3.65456442116985&z=19"
"December 15, 2017 at 08:34AM",,"https://maps.google.com/?q=50.6542429688374,-3.65456442116985&z=19"
"December 16, 2017 at 01:45PM",,"https://maps.google.com/?q=50.6542429688374,-3.65456442116985&z=19"
"December 17, 2017 at 11:42AM",,"https://maps.google.com/?q=50.6542429688374,-3.65456442116985&z=19"
"December 18, 2017 at 08:36AM",,"https://maps.google.com/?q=50.6542429688374,-3.65456442116985&z=19"
"December 19, 2017 at 08:16AM",,"https://maps.google.com/?q=50.6542429688374,-3.65456442116985&z=19"
"December 20, 2017 at 08:26AM",,"https://maps.google.com/?q=50.6542429688374,-3.65456442116985&z=19"
"December 21, 2017 at 08:20AM",,"https://maps.google.com/?q=50.6542429688374,-3.65456442116985&z=19"
"December 22, 2017 at 08:39AM",,"https://maps.google.com/?q=50.6542429688374,-3.65456442116985&z=19"
"December 23, 2017 at 10:58AM",,"https://maps.google.com/?q=50.6542429688374,-3.65456442116985&z=19"
"December 27, 2017 at 01:17PM",,"https://maps.google.com/?q=50.6542429688374,-3.65456442116985&z=19"
"December 28, 2017 at 08:54AM",,"https://maps.google.com/?q=50.6542429688374,-3.65456442116985&z=19"
"December 29, 2017 at 08:36AM",,"https://maps.google.com/?q=50.6542429688374,-3.65456442116985&z=19"
"December 29, 2017 at 05:57PM",,"https://maps.google.com/?q=50.6542429688374,-3.65456442116985&z=19"
"December 30, 2017 at 09:35AM",,"https://maps.google.com/?q=50.6542429688374,-3.65456442116985&z=19"
"December 30, 2017 at 05:06PM",,"https://maps.google.com/?q=50.6542429688374,-3.65456442116985&z=19"
"December 30, 2017 at 05:23PM",,"https://maps.google.com/?q=50.6542429688374,-3.65456442116985&z=19"
"January 01, 2018 at 11:59AM",,"https://maps.google.com/?q=50.6542429688374,-3.65456442116985&z=19"
"January 01, 2018 at 12:03PM",,"https://maps.google.com/?q=50.6542429688374,-3.65456442116985&z=19"
"January 02, 2018 at 08:34AM",,"https://maps.google.com/?q=50.6542429688374,-3.65456442116985&z=19"
"January 03, 2018 at 08:28AM",,"https://maps.google.com/?q=50.6542429688374,-3.65456442116985&z=19"
"January 04, 2018 at 08:14AM",,"https://maps.google.com/?q=50.6542429688374,-3.65456442116985&z=19"
"January 05, 2018 at 08:28AM",,"https://maps.google.com/?q=50.6542429688374,-3.65456442116985&z=19"
"January 06, 2018 at 01:58PM",,"https://maps.google.com/?q=50.6542429688374,-3.65456442116985&z=19"
"January 07, 2018 at 11:22AM",,"https://maps.google.com/?q=50.6542429688374,-3.65456442116985&z=19"
"January 08, 2018 at 08:27AM",,"https://maps.google.com/?q=50.6542429688374,-3.65456442116985&z=19"
"January 09, 2018 at 08:29AM",,"https://maps.google.com/?q=50.6542429688374,-3.65456442116985&z=19"
"January 10, 2018 at 08:36AM",,"https://maps.google.com/?q=50.6542429688374,-3.65456442116985&z=19"
"January 11, 2018 at 08:39AM",,"https://maps.google.com/?q=50.6542429688374,-3.65456442116985&z=19"
"January 12, 2018 at 08:35AM",,"https://maps.google.com/?q=50.6542429688374,-3.65456442116985&z=19"
"January 13, 2018 at 11:53AM",,"https://maps.google.com/?q=50.6542429688374,-3.65456442116985&z=19"
"January 14, 2018 at 02:16PM",,"https://maps.google.com/?q=50.6542429688374,-3.65456442116985&z=19"
"January 15, 2018 at 08:31AM",,"https://maps.google.com/?q=50.6542429688374,-3.65456442116985&z=19"
"January 16, 2018 at 08:29AM",,"https://maps.google.com/?q=50.6542429688374,-3.65456442116985&z=19"
"January 17, 2018 at 08:16AM",,"https://maps.google.com/?q=50.6542429688374,-3.65456442116985&z=19"
"January 18, 2018 at 08:22AM",,"https://maps.google.com/?q=50.6542429688374,-3.65456442116985&z=19"
"January 19, 2018 at 08:10AM",,"https://maps.google.com/?q=50.6542429688374,-3.65456442116985&z=19"
"January 21, 2018 at 01:36PM",,"https://maps.google.com/?q=50.6542429688374,-3.65456442116985&z=19"
"January 22, 2018 at 08:33AM",,"https://maps.google.com/?q=50.6542429688374,-3.65456442116985&z=19"
"January 23, 2018 at 08:28AM",,"https://maps.google.com/?q=50.6542429688374,-3.65456442116985&z=19"
"January 24, 2018 at 08:32AM",,"https://maps.google.com/?q=50.6542429688374,-3.65456442116985&z=19"
"January 25, 2018 at 08:22AM",,"https://maps.google.com/?q=50.6542429688374,-3.65456442116985&z=19"
"January 26, 2018 at 08:31AM",,"https://maps.google.com/?q=50.6542429688374,-3.65456442116985&z=19"
"January 27, 2018 at 11:46AM",,"https://maps.google.com/?q=50.6542429688374,-3.65456442116985&z=19"
"January 28, 2018 at 12:39PM",,"https://maps.google.com/?q=50.6542429688374,-3.65456442116985&z=19"
"January 29, 2018 at 08:28AM",,"https://maps.google.com/?q=50.6542429688374,-3.65456442116985&z=19"
"January 30, 2018 at 08:09AM",,"https://maps.google.com/?q=50.6542429688374,-3.65456442116985&z=19"
"January 31, 2018 at 08:18AM",,"https://maps.google.com/?q=50.6542429688374,-3.65456442116985&z=19"
"February 01, 2018 at 08:21AM",,"https://maps.google.com/?q=50.6542429688374,-3.65456442116985&z=19"
"February 02, 2018 at 08:30AM",,"https://maps.google.com/?q=50.6542429688374,-3.65456442116985&z=19"
"February 04, 2018 at 04:48PM",,"https://maps.google.com/?q=50.6542429688374,-3.65456442116985&z=19"
"February 05, 2018 at 08:37AM",,"https://maps.google.com/?q=50.6542429688374,-3.65456442116985&z=19"
"February 06, 2018 at 08:29AM",,"https://maps.google.com/?q=50.6542429688374,-3.65456442116985&z=19"
"February 07, 2018 at 08:35AM",,"https://maps.google.com/?q=50.6542429688374,-3.65456442116985&z=19"
"February 08, 2018 at 08:36AM",,"https://maps.google.com/?q=50.6542429688374,-3.65456442116985&z=19"
"February 08, 2018 at 08:45AM",,"https://maps.google.com/?q=50.6542429688374,-3.65456442116985&z=19"
"February 09, 2018 at 08:31AM",,"https://maps.google.com/?q=50.6542429688374,-3.65456442116985&z=19"
"February 09, 2018 at 07:00PM",,"https://maps.google.com/?q=50.6542429688374,-3.65456442116985&z=19"
"February 20, 2018 at 10:39AM",,"https://maps.google.com/?q=50.6542429688374,-3.65456442116985&z=19"
"February 21, 2018 at 08:51AM",,"https://maps.google.com/?q=50.6542429688374,-3.65456442116985&z=19"
"February 22, 2018 at 08:52AM",,"https://maps.google.com/?q=50.6542429688374,-3.65456442116985&z=19"
"February 23, 2018 at 08:34AM",,"https://maps.google.com/?q=50.6542429688374,-3.65456442116985&z=19"
"February 26, 2018 at 08:32AM",,"https://maps.google.com/?q=50.6542429688374,-3.65456442116985&z=19"
"February 27, 2018 at 08:37AM",,"https://maps.google.com/?q=50.6542429688374,-3.65456442116985&z=19"
"February 28, 2018 at 08:29AM",,"https://maps.google.com/?q=50.6542429688374,-3.65456442116985&z=19"
"March 01, 2018 at 05:20PM",,"https://maps.google.com/?q=50.6542429688374,-3.65456442116985&z=19"
"March 04, 2018 at 03:58PM",,"https://maps.google.com/?q=50.6542429688374,-3.65456442116985&z=19"
"March 05, 2018 at 09:10AM",,"https://maps.google.com/?q=50.6542429688374,-3.65456442116985&z=19"
"March 06, 2018 at 08:22AM",,"https://maps.google.com/?q=50.6542429688374,-3.65456442116985&z=19"
"March 07, 2018 at 08:32AM",,"https://maps.google.com/?q=50.6542429688374,-3.65456442116985&z=19"
"March 08, 2018 at 08:31AM",,"https://maps.google.com/?q=50.6542429688374,-3.65456442116985&z=19"
"March 09, 2018 at 08:26AM",,"https://maps.google.com/?q=50.6542429688374,-3.65456442116985&z=19"
"March 10, 2018 at 11:35AM",,"https://maps.google.com/?q=50.6542429688374,-3.65456442116985&z=19"
"March 10, 2018 at 02:24PM",,"https://maps.google.com/?q=50.6542429688374,-3.65456442116985&z=19"
"March 11, 2018 at 05:32PM",,"https://maps.google.com/?q=50.6542429688374,-3.65456442116985&z=19"
"March 12, 2018 at 08:46AM",,"https://maps.google.com/?q=50.6542429688374,-3.65456442116985&z=19"
"March 13, 2018 at 09:02AM",,"https://maps.google.com/?q=50.6542429688374,-3.65456442116985&z=19"
"March 14, 2018 at 08:26AM",,"https://maps.google.com/?q=50.6542429688374,-3.65456442116985&z=19"
"March 15, 2018 at 08:29AM",,"https://maps.google.com/?q=50.6542429688374,-3.65456442116985&z=19"
"March 16, 2018 at 08:09AM",,"https://maps.google.com/?q=50.6542429688374,-3.65456442116985&z=19"
"March 17, 2018 at 01:24PM",,"https://maps.google.com/?q=50.6542429688374,-3.65456442116985&z=19"
"March 18, 2018 at 10:57AM",,"https://maps.google.com/?q=50.6542429688374,-3.65456442116985&z=19"
"March 19, 2018 at 01:55PM",,"https://maps.google.com/?q=50.6542429688374,-3.65456442116985&z=19"
"March 19, 2018 at 02:15PM",,"https://maps.google.com/?q=50.6542429688374,-3.65456442116985&z=19"
"March 20, 2018 at 08:45AM",,"https://maps.google.com/?q=50.6542429688374,-3.65456442116985&z=19"
"March 20, 2018 at 07:40PM",,"https://maps.google.com/?q=50.6542429688374,-3.65456442116985&z=19"
"March 21, 2018 at 08:35AM",,"https://maps.google.com/?q=50.6542429688374,-3.65456442116985&z=19"
"March 22, 2018 at 08:33AM",,"https://maps.google.com/?q=50.6542429688374,-3.65456442116985&z=19"
"March 23, 2018 at 08:28AM",,"https://maps.google.com/?q=50.6542429688374,-3.65456442116985&z=19"
"March 24, 2018 at 11:50AM",,"https://maps.google.com/?q=50.6542429688374,-3.65456442116985&z=19"
"March 25, 2018 at 10:27AM",,"https://maps.google.com/?q=50.6542429688374,-3.65456442116985&z=19"
"March 26, 2018 at 08:28AM",,"https://maps.google.com/?q=50.6542429688374,-3.65456442116985&z=19"
"March 27, 2018 at 08:34AM",,"https://maps.google.com/?q=50.6542429688374,-3.65456442116985&z=19"
"March 28, 2018 at 05:37PM",,"https://maps.google.com/?q=50.6542429688374,-3.65456442116985&z=19"
"March 29, 2018 at 07:51AM",,"https://maps.google.com/?q=50.6542429688374,-3.65456442116985&z=19"
"March 30, 2018 at 10:38AM",,"https://maps.google.com/?q=50.6542429688374,-3.65456442116985&z=19"
"March 31, 2018 at 12:36PM",,"https://maps.google.com/?q=50.6542429688374,-3.65456442116985&z=19"
"March 31, 2018 at 02:59PM",,"https://maps.google.com/?q=50.6542429688374,-3.65456442116985&z=19"
"March 31, 2018 at 03:08PM",,"https://maps.google.com/?q=50.6542429688374,-3.65456442116985&z=19"
"April 01, 2018 at 11:27AM",,"https://maps.google.com/?q=50.6542429688374,-3.65456442116985&z=19"
"April 02, 2018 at 06:03PM",,"https://maps.google.com/?q=50.6542429688374,-3.65456442116985&z=19"
"April 03, 2018 at 08:16AM",,"https://maps.google.com/?q=50.6542429688374,-3.65456442116985&z=19"
"April 04, 2018 at 08:24AM",,"https://maps.google.com/?q=50.6542429688374,-3.65456442116985&z=19"
"April 05, 2018 at 08:38AM",,"https://maps.google.com/?q=50.6542429688374,-3.65456442116985&z=19"
"April 06, 2018 at 08:26AM",,"https://maps.google.com/?q=50.6542429688374,-3.65456442116985&z=19"
"April 07, 2018 at 11:45AM",,"https://maps.google.com/?q=50.6542429688374,-3.65456442116985&z=19"
"April 07, 2018 at 02:16PM",,"https://maps.google.com/?q=50.6542429688374,-3.65456442116985&z=19"
"April 08, 2018 at 04:05PM",,"https://maps.google.com/?q=50.6542429688374,-3.65456442116985&z=19"
"April 09, 2018 at 08:01AM",,"https://maps.google.com/?q=50.6542429688374,-3.65456442116985&z=19"
"April 10, 2018 at 08:33AM",,"https://maps.google.com/?q=50.6542429688374,-3.65456442116985&z=19"
"April 11, 2018 at 08:32AM",,"https://maps.google.com/?q=50.6542429688374,-3.65456442116985&z=19"
"April 12, 2018 at 08:18AM",,"https://maps.google.com/?q=50.6542429688374,-3.65456442116985&z=19"
"April 13, 2018 at 07:57AM",,"https://maps.google.com/?q=50.6542429688374,-3.65456442116985&z=19"
"April 14, 2018 at 01:41PM",,"https://maps.google.com/?q=50.6542429688374,-3.65456442116985&z=19"
"April 14, 2018 at 06:07PM",,"https://maps.google.com/?q=50.6542429688374,-3.65456442116985&z=19"
"April 15, 2018 at 02:00PM",,"https://maps.google.com/?q=50.6542429688374,-3.65456442116985&z=19"
"April 16, 2018 at 08:16AM",,"https://maps.google.com/?q=50.6542429688374,-3.65456442116985&z=19"
"April 17, 2018 at 08:30AM",,"https://maps.google.com/?q=50.6542429688374,-3.65456442116985&z=19"
"April 18, 2018 at 08:39AM",,"https://maps.google.com/?q=50.6542429688374,-3.65456442116985&z=19"
"April 19, 2018 at 08:33AM",,"https://maps.google.com/?q=50.6542429688374,-3.65456442116985&z=19"
"April 20, 2018 at 08:33AM",,"https://maps.google.com/?q=50.6542429688374,-3.65456442116985&z=19"
"April 21, 2018 at 11:51AM",,"https://maps.google.com/?q=50.6542429688374,-3.65456442116985&z=19"
"April 23, 2018 at 08:30AM",,"https://maps.google.com/?q=50.6542429688374,-3.65456442116985&z=19"
"April 24, 2018 at 08:23AM",,"https://maps.google.com/?q=50.6542429688374,-3.65456442116985&z=19"
"April 25, 2018 at 08:24AM",,"https://maps.google.com/?q=50.6542429688374,-3.65456442116985&z=19"
"April 26, 2018 at 08:31AM",,"https://maps.google.com/?q=50.6542429688374,-3.65456442116985&z=19"
"April 27, 2018 at 08:25AM",,"https://maps.google.com/?q=50.6542429688374,-3.65456442116985&z=19"
"April 30, 2018 at 08:30AM",,"https://maps.google.com/?q=50.6542429688374,-3.65456442116985&z=19"
"May 01, 2018 at 08:33AM",,"https://maps.google.com/?q=50.6542429688374,-3.65456442116985&z=19"
"May 02, 2018 at 08:25AM",,"https://maps.google.com/?q=50.6542429688374,-3.65456442116985&z=19"
"May 03, 2018 at 08:31AM",,"https://maps.google.com/?q=50.6542429688374,-3.65456442116985&z=19"
"May 04, 2018 at 08:32AM",,"https://maps.google.com/?q=50.6542429688374,-3.65456442116985&z=19"
"May 05, 2018 at 11:22AM",,"https://maps.google.com/?q=50.6542429688374,-3.65456442116985&z=19"
"May 07, 2018 at 11:58AM",,"https://maps.google.com/?q=50.6542429688374,-3.65456442116985&z=19"
"May 08, 2018 at 08:32AM",,"https://maps.google.com/?q=50.6542429688374,-3.65456442116985&z=19"
"May 09, 2018 at 08:30AM",,"https://maps.google.com/?q=50.6542429688374,-3.65456442116985&z=19"
"May 10, 2018 at 08:30AM",,"https://maps.google.com/?q=50.6542429688374,-3.65456442116985&z=19"
"May 11, 2018 at 08:10AM",,"https://maps.google.com/?q=50.6542429688374,-3.65456442116985&z=19"
"May 12, 2018 at 10:21AM",,"https://maps.google.com/?q=50.6542429688374,-3.65456442116985&z=19"
"May 12, 2018 at 11:53AM",,"https://maps.google.com/?q=50.6542429688374,-3.65456442116985&z=19"
"May 13, 2018 at 12:27PM",,"https://maps.google.com/?q=50.6542429688374,-3.65456442116985&z=19"
"May 14, 2018 at 08:29AM",,"https://maps.google.com/?q=50.6542429688374,-3.65456442116985&z=19"
"May 15, 2018 at 08:26AM",,"https://maps.google.com/?q=50.6542429688374,-3.65456442116985&z=19"
"May 16, 2018 at 08:29AM",,"https://maps.google.com/?q=50.6542429688374,-3.65456442116985&z=19"
"May 17, 2018 at 08:35AM",,"https://maps.google.com/?q=50.6542429688374,-3.65456442116985&z=19"
"May 18, 2018 at 08:17AM",,"https://maps.google.com/?q=50.6542429688374,-3.65456442116985&z=19"
"May 20, 2018 at 10:30AM",,"https://maps.google.com/?q=50.6542429688374,-3.65456442116985&z=19"
"May 21, 2018 at 08:31AM",,"https://maps.google.com/?q=50.6542429688374,-3.65456442116985&z=19"
"May 22, 2018 at 08:25AM",,"https://maps.google.com/?q=50.6542429688374,-3.65456442116985&z=19"
"May 23, 2018 at 08:16AM",,"https://maps.google.com/?q=50.6542429688374,-3.65456442116985&z=19"
"May 24, 2018 at 08:10AM",,"https://maps.google.com/?q=50.6542429688374,-3.65456442116985&z=19"
"May 25, 2018 at 08:58AM",,"https://maps.google.com/?q=50.6542429688374,-3.65456442116985&z=19"
"May 25, 2018 at 02:08PM",,"https://maps.google.com/?q=50.6542429688374,-3.65456442116985&z=19"
"May 26, 2018 at 11:29AM",,"https://maps.google.com/?q=50.6542429688374,-3.65456442116985&z=19"
"May 27, 2018 at 12:34PM",,"https://maps.google.com/?q=50.6542429688374,-3.65456442116985&z=19"
"May 27, 2018 at 02:04PM",,"https://maps.google.com/?q=50.6542429688374,-3.65456442116985&z=19"
"May 29, 2018 at 08:22AM",,"https://maps.google.com/?q=50.6542429688374,-3.65456442116985&z=19"
"May 30, 2018 at 08:25AM",,"https://maps.google.com/?q=50.6542429688374,-3.65456442116985&z=19"
"May 31, 2018 at 08:25AM",,"https://maps.google.com/?q=50.6542429688374,-3.65456442116985&z=19"
"June 01, 2018 at 08:40AM",,"https://maps.google.com/?q=50.6542429688374,-3.65456442116985&z=19"
"June 02, 2018 at 02:23PM",,"https://maps.google.com/?q=50.6542429688374,-3.65456442116985&z=19"
"June 04, 2018 at 08:22AM",,"https://maps.google.com/?q=50.6542429688374,-3.65456442116985&z=19"
"June 05, 2018 at 08:10AM",,"https://maps.google.com/?q=50.6542429688374,-3.65456442116985&z=19"
"June 06, 2018 at 08:08AM",,"https://maps.google.com/?q=50.6542429688374,-3.65456442116985&z=19"
"June 07, 2018 at 08:33AM",,"https://maps.google.com/?q=50.6542429688374,-3.65456442116985&z=19"
"June 08, 2018 at 08:40AM",,"https://maps.google.com/?q=50.6542429688374,-3.65456442116985&z=19"
"June 09, 2018 at 12:29AM",,"https://maps.google.com/?q=50.6542429688374,-3.65456442116985&z=19"
"June 09, 2018 at 01:47AM",,"https://maps.google.com/?q=50.6542429688374,-3.65456442116985&z=19"
"June 09, 2018 at 02:28AM",,"https://maps.google.com/?q=50.6542429688374,-3.65456442116985&z=19"
"June 09, 2018 at 03:52AM",,"https://maps.google.com/?q=50.6542429688374,-3.65456442116985&z=19"
"June 09, 2018 at 11:22AM",,"https://maps.google.com/?q=50.6542429688374,-3.65456442116985&z=19"
"June 09, 2018 at 04:05PM",,"https://maps.google.com/?q=50.6542429688374,-3.65456442116985&z=19"
"June 10, 2018 at 01:07PM",,"https://maps.google.com/?q=50.6542429688374,-3.65456442116985&z=19"
"June 11, 2018 at 08:28AM",,"https://maps.google.com/?q=50.6542429688374,-3.65456442116985&z=19"
"June 12, 2018 at 08:19AM",,"https://maps.google.com/?q=50.6542429688374,-3.65456442116985&z=19"
"June 13, 2018 at 08:26AM",,"https://maps.google.com/?q=50.6542429688374,-3.65456442116985&z=19"
"June 14, 2018 at 08:32AM",,"https://maps.google.com/?q=50.6542429688374,-3.65456442116985&z=19"
"June 15, 2018 at 08:18AM",,"https://maps.google.com/?q=50.6542429688374,-3.65456442116985&z=19"
"June 16, 2018 at 02:23PM",,"https://maps.google.com/?q=50.6542429688374,-3.65456442116985&z=19"
"June 17, 2018 at 11:32AM",,"https://maps.google.com/?q=50.6542429688374,-3.65456442116985&z=19"
"June 18, 2018 at 08:26AM",,"https://maps.google.com/?q=50.6542429688374,-3.65456442116985&z=19"
"June 19, 2018 at 08:19AM",,"https://maps.google.com/?q=50.6542429688374,-3.65456442116985&z=19"
"June 20, 2018 at 08:36AM",,"https://maps.google.com/?q=50.6542429688374,-3.65456442116985&z=19"
"June 21, 2018 at 08:31AM",,"https://maps.google.com/?q=50.6542429688374,-3.65456442116985&z=19"
"June 22, 2018 at 08:45AM",,"https://maps.google.com/?q=50.6542429688374,-3.65456442116985&z=19"
"June 22, 2018 at 06:04PM",,"https://maps.google.com/?q=50.6542429688374,-3.65456442116985&z=19"
"June 23, 2018 at 11:36AM",,"https://maps.google.com/?q=50.6542429688374,-3.65456442116985&z=19"
"June 23, 2018 at 04:13PM",,"https://maps.google.com/?q=50.6542429688374,-3.65456442116985&z=19"
"June 24, 2018 at 09:45AM",,"https://maps.google.com/?q=50.6542429688374,-3.65456442116985&z=19"
"June 25, 2018 at 08:32AM",,"https://maps.google.com/?q=50.6542429688374,-3.65456442116985&z=19"
"June 26, 2018 at 08:20AM",,"https://maps.google.com/?q=50.6542429688374,-3.65456442116985&z=19"
"June 26, 2018 at 07:50PM",,"https://maps.google.com/?q=50.6542429688374,-3.65456442116985&z=19"
"June 27, 2018 at 08:31AM",,"https://maps.google.com/?q=50.6542429688374,-3.65456442116985&z=19"
"June 28, 2018 at 08:34AM",,"https://maps.google.com/?q=50.6542429688374,-3.65456442116985&z=19"
"June 29, 2018 at 09:08AM",,"https://maps.google.com/?q=50.6542429688374,-3.65456442116985&z=19"
"June 29, 2018 at 03:37PM",,"https://maps.google.com/?q=50.6542429688374,-3.65456442116985&z=19"
"June 30, 2018 at 03:34PM",,"https://maps.google.com/?q=50.6542429688374,-3.65456442116985&z=19"
"July 01, 2018 at 02:58PM",,"https://maps.google.com/?q=50.6542429688374,-3.65456442116985&z=19"
"July 02, 2018 at 08:17AM",,"https://maps.google.com/?q=50.6542429688374,-3.65456442116985&z=19"
"July 03, 2018 at 08:08AM",,"https://maps.google.com/?q=50.6542429688374,-3.65456442116985&z=19"
"July 04, 2018 at 08:15AM",,"https://maps.google.com/?q=50.6542429688374,-3.65456442116985&z=19"
"July 05, 2018 at 08:06AM",,"https://maps.google.com/?q=50.6542429688374,-3.65456442116985&z=19"
"July 06, 2018 at 08:28AM",,"https://maps.google.com/?q=50.6542429688374,-3.65456442116985&z=19"
"July 07, 2018 at 11:46AM",,"https://maps.google.com/?q=50.6542429688374,-3.65456442116985&z=19"
"July 08, 2018 at 01:02PM",,"https://maps.google.com/?q=50.6542429688374,-3.65456442116985&z=19"
"July 08, 2018 at 05:27PM",,"https://maps.google.com/?q=50.6542429688374,-3.65456442116985&z=19"
"July 09, 2018 at 08:29AM",,"https://maps.google.com/?q=50.6542429688374,-3.65456442116985&z=19"
"July 10, 2018 at 08:28AM",,"https://maps.google.com/?q=50.6542429688374,-3.65456442116985&z=19"
"July 11, 2018 at 08:30AM",,"https://maps.google.com/?q=50.6542429688374,-3.65456442116985&z=19"
"July 12, 2018 at 08:23AM",,"https://maps.google.com/?q=50.6542429688374,-3.65456442116985&z=19"
"July 13, 2018 at 08:40AM",,"https://maps.google.com/?q=50.6542429688374,-3.65456442116985&z=19"
"July 15, 2018 at 11:57AM",,"https://maps.google.com/?q=50.6542429688374,-3.65456442116985&z=19"
"July 16, 2018 at 08:35AM",,"https://maps.google.com/?q=50.6542429688374,-3.65456442116985&z=19"
"July 17, 2018 at 08:37AM",,"https://maps.google.com/?q=50.6542429688374,-3.65456442116985&z=19"
"July 18, 2018 at 08:35AM",,"https://maps.google.com/?q=50.6542429688374,-3.65456442116985&z=19"
"July 19, 2018 at 08:33AM",,"https://maps.google.com/?q=50.6542429688374,-3.65456442116985&z=19"
"July 20, 2018 at 08:33AM",,"https://maps.google.com/?q=50.6542429688374,-3.65456442116985&z=19"
"July 21, 2018 at 11:49AM",,"https://maps.google.com/?q=50.6542429688374,-3.65456442116985&z=19"
"July 23, 2018 at 08:33AM",,"https://maps.google.com/?q=50.6542429688374,-3.65456442116985&z=19"
"July 24, 2018 at 08:37AM",,"https://maps.google.com/?q=50.6542429688374,-3.65456442116985&z=19"
"July 25, 2018 at 08:27AM",,"https://maps.google.com/?q=50.6542429688374,-3.65456442116985&z=19"
"July 26, 2018 at 08:27AM",,"https://maps.google.com/?q=50.6542429688374,-3.65456442116985&z=19"
"July 27, 2018 at 08:21AM",,"https://maps.google.com/?q=50.6542429688374,-3.65456442116985&z=19"
"July 28, 2018 at 11:31AM",,"https://maps.google.com/?q=50.6542429688374,-3.65456442116985&z=19"
"July 28, 2018 at 01:37PM",,"https://maps.google.com/?q=50.6542429688374,-3.65456442116985&z=19"
"July 29, 2018 at 02:11PM",,"https://maps.google.com/?q=50.6542429688374,-3.65456442116985&z=19"
"July 30, 2018 at 08:21AM",,"https://maps.google.com/?q=50.6542429688374,-3.65456442116985&z=19"
"July 31, 2018 at 08:23AM",,"https://maps.google.com/?q=50.6542429688374,-3.65456442116985&z=19"
"August 01, 2018 at 08:35AM",,"https://maps.google.com/?q=50.6542429688374,-3.65456442116985&z=19"
"August 02, 2018 at 08:18AM",,"https://maps.google.com/?q=50.6542429688374,-3.65456442116985&z=19"
"August 03, 2018 at 12:22PM",,"https://maps.google.com/?q=50.6542429688374,-3.65456442116985&z=19"
"August 03, 2018 at 05:27PM",,"https://maps.google.com/?q=50.6542429688374,-3.65456442116985&z=19"
"August 11, 2018 at 11:46AM",,"https://maps.google.com/?q=50.6542429688374,-3.65456442116985&z=19"
"August 13, 2018 at 08:36AM",,"https://maps.google.com/?q=50.6542429688374,-3.65456442116985&z=19"
"August 13, 2018 at 11:14AM",,"https://maps.google.com/?q=50.6542429688374,-3.65456442116985&z=19"
"August 13, 2018 at 11:20AM",,"https://maps.google.com/?q=50.6542429688374,-3.65456442116985&z=19"
"August 14, 2018 at 08:34AM",,"https://maps.google.com/?q=50.6542429688374,-3.65456442116985&z=19"
"August 14, 2018 at 06:33PM",,"https://maps.google.com/?q=50.6542429688374,-3.65456442116985&z=19"
"August 15, 2018 at 08:29AM",,"https://maps.google.com/?q=50.6542429688374,-3.65456442116985&z=19"
"August 16, 2018 at 08:38AM",,"https://maps.google.com/?q=50.6542429688374,-3.65456442116985&z=19"
"August 16, 2018 at 07:15PM",,"https://maps.google.com/?q=50.6542429688374,-3.65456442116985&z=19"
"August 28, 2018 at 08:45AM",,"https://maps.google.com/?q=50.6542429688374,-3.65456442116985&z=19"
"August 28, 2018 at 08:55AM",,"https://maps.google.com/?q=50.6542429688374,-3.65456442116985&z=19"
"August 29, 2018 at 08:21AM",,"https://maps.google.com/?q=50.6542429688374,-3.65456442116985&z=19"
"August 30, 2018 at 08:34AM",,"https://maps.google.com/?q=50.6542429688374,-3.65456442116985&z=19"
"August 31, 2018 at 08:25AM",,"https://maps.google.com/?q=50.6542429688374,-3.65456442116985&z=19"
"September 01, 2018 at 11:28AM",,"https://maps.google.com/?q=50.6542429688374,-3.65456442116985&z=19"
"September 02, 2018 at 05:26PM",,"https://maps.google.com/?q=50.6542429688374,-3.65456442116985&z=19"
"September 03, 2018 at 08:41AM",,"https://maps.google.com/?q=50.6542429688374,-3.65456442116985&z=19"
"September 04, 2018 at 08:35AM",,"https://maps.google.com/?q=50.6542429688374,-3.65456442116985&z=19"
"September 04, 2018 at 07:41PM",,"https://maps.google.com/?q=50.6542429688374,-3.65456442116985&z=19"
"September 05, 2018 at 08:32AM",,"https://maps.google.com/?q=50.6542429688374,-3.65456442116985&z=19"
"September 06, 2018 at 08:28AM",,"https://maps.google.com/?q=50.6542429688374,-3.65456442116985&z=19"
"September 07, 2018 at 08:44AM",,"https://maps.google.com/?q=50.6542429688374,-3.65456442116985&z=19"
"September 11, 2018 at 07:00PM",,"https://maps.google.com/?q=50.6542429688374,-3.65456442116985&z=19"
"September 11, 2018 at 07:13PM",,"https://maps.google.com/?q=50.6542429688374,-3.65456442116985&z=19"
"September 11, 2018 at 07:31PM",,"https://maps.google.com/?q=50.6542429688374,-3.65456442116985&z=19"
"September 12, 2018 at 09:02AM",,"https://maps.google.com/?q=50.6542429688374,-3.65456442116985&z=19"
"September 14, 2018 at 08:36AM",,"https://maps.google.com/?q=50.6542429688374,-3.65456442116985&z=19"
"September 15, 2018 at 11:12AM",,"https://maps.google.com/?q=50.6542429688374,-3.65456442116985&z=19"
"September 15, 2018 at 03:13PM",,"https://maps.google.com/?q=50.6542429688374,-3.65456442116985&z=19"
"September 16, 2018 at 11:42AM",,"https://maps.google.com/?q=50.6542429688374,-3.65456442116985&z=19"
"September 17, 2018 at 08:19AM",,"https://maps.google.com/?q=50.6542429688374,-3.65456442116985&z=19"
"September 18, 2018 at 08:20AM",,"https://maps.google.com/?q=50.6542429688374,-3.65456442116985&z=19"
"September 19, 2018 at 08:51AM",,"https://maps.google.com/?q=50.6542429688374,-3.65456442116985&z=19"
"September 20, 2018 at 08:38AM",,"https://maps.google.com/?q=50.6542429688374,-3.65456442116985&z=19"
"September 20, 2018 at 07:27PM",,"https://maps.google.com/?q=50.6542429688374,-3.65456442116985&z=19"
"September 21, 2018 at 08:40AM",,"https://maps.google.com/?q=50.6542429688374,-3.65456442116985&z=19"
"September 21, 2018 at 06:22PM",,"https://maps.google.com/?q=50.6542429688374,-3.65456442116985&z=19"
"September 24, 2018 at 08:41AM",,"https://maps.google.com/?q=50.6542429688374,-3.65456442116985&z=19"
"September 25, 2018 at 08:21AM",,"https://maps.google.com/?q=50.6542429688374,-3.65456442116985&z=19"
"September 26, 2018 at 08:28AM",,"https://maps.google.com/?q=50.6542429688374,-3.65456442116985&z=19"
"September 27, 2018 at 08:31AM",,"https://maps.google.com/?q=50.6542429688374,-3.65456442116985&z=19"
"September 29, 2018 at 01:28PM",,"https://maps.google.com/?q=50.6542429688374,-3.65456442116985&z=19"
"October 01, 2018 at 08:42AM",,"https://maps.google.com/?q=50.6542429688374,-3.65456442116985&z=19"
"October 02, 2018 at 08:31AM",,"https://maps.google.com/?q=50.6542429688374,-3.65456442116985&z=19"
"October 02, 2018 at 07:50PM",,"https://maps.google.com/?q=50.6542429688374,-3.65456442116985&z=19"
"October 03, 2018 at 08:29AM",,"https://maps.google.com/?q=50.6542429688374,-3.65456442116985&z=19"
"October 04, 2018 at 08:36AM",,"https://maps.google.com/?q=50.6542429688374,-3.65456442116985&z=19"
"October 05, 2018 at 08:32AM",,"https://maps.google.com/?q=50.6542429688374,-3.65456442116985&z=19"
"October 06, 2018 at 11:15AM",,"https://maps.google.com/?q=50.6542429688374,-3.65456442116985&z=19"
"October 07, 2018 at 01:46PM",,"https://maps.google.com/?q=50.6542429688374,-3.65456442116985&z=19"
"October 08, 2018 at 08:37AM",,"https://maps.google.com/?q=50.6542429688374,-3.65456442116985&z=19"
"October 09, 2018 at 08:40AM",,"https://maps.google.com/?q=50.6542429688374,-3.65456442116985&z=19"
"October 11, 2018 at 08:40AM",,"https://maps.google.com/?q=50.6542429688374,-3.65456442116985&z=19"
"October 12, 2018 at 08:43AM",,"https://maps.google.com/?q=50.6542429688374,-3.65456442116985&z=19"
"October 13, 2018 at 11:45AM",,"https://maps.google.com/?q=50.6542429688374,-3.65456442116985&z=19"
"October 13, 2018 at 02:50PM",,"https://maps.google.com/?q=50.6542429688374,-3.65456442116985&z=19"
"October 14, 2018 at 04:55PM",,"https://maps.google.com/?q=50.6542429688374,-3.65456442116985&z=19"
"October 15, 2018 at 08:47AM",,"https://maps.google.com/?q=50.6542429688374,-3.65456442116985&z=19"
"October 16, 2018 at 08:33AM",,"https://maps.google.com/?q=50.6542429688374,-3.65456442116985&z=19"
"October 17, 2018 at 08:32AM",,"https://maps.google.com/?q=50.6542429688374,-3.65456442116985&z=19"
"October 18, 2018 at 08:27AM",,"https://maps.google.com/?q=50.6542429688374,-3.65456442116985&z=19"
"October 19, 2018 at 08:35AM",,"https://maps.google.com/?q=50.6542429688374,-3.65456442116985&z=19"
"October 20, 2018 at 09:26AM",,"https://maps.google.com/?q=50.6542429688374,-3.65456442116985&z=19"
"October 22, 2018 at 11:27AM",,"https://maps.google.com/?q=50.6542429688374,-3.65456442116985&z=19"
"October 23, 2018 at 08:33AM",,"https://maps.google.com/?q=50.6542429688374,-3.65456442116985&z=19"
"October 24, 2018 at 03:44PM",,"https://maps.google.com/?q=50.6542429688374,-3.65456442116985&z=19"
"October 24, 2018 at 04:48PM",,"https://maps.google.com/?q=50.6542429688374,-3.65456442116985&z=19"
"October 26, 2018 at 03:34PM",,"https://maps.google.com/?q=50.6542429688374,-3.65456442116985&z=19"
"October 26, 2018 at 08:32PM",,"https://maps.google.com/?q=50.6542429688374,-3.65456442116985&z=19"
"October 29, 2018 at 08:48AM",,"https://maps.google.com/?q=50.6542429688374,-3.65456442116985&z=19"
"October 30, 2018 at 08:35AM",,"https://maps.google.com/?q=50.6542429688374,-3.65456442116985&z=19"
"October 31, 2018 at 08:35AM",,"https://maps.google.com/?q=50.6542429688374,-3.65456442116985&z=19"
"November 01, 2018 at 08:26AM",,"https://maps.google.com/?q=50.6542429688374,-3.65456442116985&z=19"
"November 02, 2018 at 08:13AM",,"https://maps.google.com/?q=50.6542429688374,-3.65456442116985&z=19"
"November 04, 2018 at 10:48AM",,"https://maps.google.com/?q=50.6542429688374,-3.65456442116985&z=19"
"November 05, 2018 at 08:31AM",,"https://maps.google.com/?q=50.6542429688374,-3.65456442116985&z=19"
"November 06, 2018 at 08:22AM",,"https://maps.google.com/?q=50.6542429688374,-3.65456442116985&z=19"
"November 06, 2018 at 07:38PM",,"https://maps.google.com/?q=50.6542429688374,-3.65456442116985&z=19"
"November 07, 2018 at 08:27AM",,"https://maps.google.com/?q=50.6542429688374,-3.65456442116985&z=19"
"November 09, 2018 at 08:27AM",,"https://maps.google.com/?q=50.6542429688374,-3.65456442116985&z=19"
"November 10, 2018 at 11:29AM",,"https://maps.google.com/?q=50.6542429688374,-3.65456442116985&z=19"
"November 10, 2018 at 01:02PM",,"https://maps.google.com/?q=50.6542429688374,-3.65456442116985&z=19"
"November 12, 2018 at 08:24AM",,"https://maps.google.com/?q=50.6542429688374,-3.65456442116985&z=19"
"November 13, 2018 at 08:32AM",,"https://maps.google.com/?q=50.6542429688374,-3.65456442116985&z=19"
"November 14, 2018 at 08:28AM",,"https://maps.google.com/?q=50.6542429688374,-3.65456442116985&z=19"
"November 15, 2018 at 08:40AM",,"https://maps.google.com/?q=50.6542429688374,-3.65456442116985&z=19"
"November 16, 2018 at 08:38AM",,"https://maps.google.com/?q=50.6542429688374,-3.65456442116985&z=19"
"November 17, 2018 at 11:29AM",,"https://maps.google.com/?q=50.6542429688374,-3.65456442116985&z=19"
"November 17, 2018 at 11:34AM",,"https://maps.google.com/?q=50.6542429688374,-3.65456442116985&z=19"
"November 17, 2018 at 03:06PM",,"https://maps.google.com/?q=50.6542429688374,-3.65456442116985&z=19"
"November 19, 2018 at 08:36AM",,"https://maps.google.com/?q=50.6542429688374,-3.65456442116985&z=19"
"November 20, 2018 at 08:18AM",,"https://maps.google.com/?q=50.6542429688374,-3.65456442116985&z=19"
"November 21, 2018 at 08:22AM",,"https://maps.google.com/?q=50.6542429688374,-3.65456442116985&z=19"
"November 22, 2018 at 08:30AM",,"https://maps.google.com/?q=50.6542429688374,-3.65456442116985&z=19"
"November 23, 2018 at 08:38AM",,"https://maps.google.com/?q=50.6542429688374,-3.65456442116985&z=19"
"November 25, 2018 at 01:41PM",,"https://maps.google.com/?q=50.6542429688374,-3.65456442116985&z=19"
"November 26, 2018 at 08:42AM",,"https://maps.google.com/?q=50.6542429688374,-3.65456442116985&z=19"
"November 27, 2018 at 08:36AM",,"https://maps.google.com/?q=50.6542429688374,-3.65456442116985&z=19"
"November 28, 2018 at 09:37AM",,"https://maps.google.com/?q=50.6542429688374,-3.65456442116985&z=19"
"November 29, 2018 at 08:35AM",,"https://maps.google.com/?q=50.6542429688374,-3.65456442116985&z=19"
"November 30, 2018 at 08:40AM",,"https://maps.google.com/?q=50.6542429688374,-3.65456442116985&z=19"
"December 01, 2018 at 01:01PM",,"https://maps.google.com/?q=50.6542429688374,-3.65456442116985&z=19"
"December 01, 2018 at 05:11PM",,"https://maps.google.com/?q=50.6542429688374,-3.65456442116985&z=19"
"December 03, 2018 at 08:40AM",,"https://maps.google.com/?q=50.6542429688374,-3.65456442116985&z=19"
"December 04, 2018 at 08:25AM",,"https://maps.google.com/?q=50.6542429688374,-3.65456442116985&z=19"
"December 05, 2018 at 08:27AM",,"https://maps.google.com/?q=50.6542429688374,-3.65456442116985&z=19"
"December 06, 2018 at 12:24PM",,"https://maps.google.com/?q=50.6542429688374,-3.65456442116985&z=19"
"December 07, 2018 at 08:44AM",,"https://maps.google.com/?q=50.6542429688374,-3.65456442116985&z=19"
"December 08, 2018 at 11:05AM",,"https://maps.google.com/?q=50.6542429688374,-3.65456442116985&z=19"
"December 10, 2018 at 08:31AM",,"https://maps.google.com/?q=50.6542429688374,-3.65456442116985&z=19"
"December 11, 2018 at 08:30AM",,"https://maps.google.com/?q=50.6542429688374,-3.65456442116985&z=19"
"December 12, 2018 at 08:34AM",,"https://maps.google.com/?q=50.6542429688374,-3.65456442116985&z=19"
"December 13, 2018 at 08:40AM",,"https://maps.google.com/?q=50.6542429688374,-3.65456442116985&z=19"
"December 13, 2018 at 08:10PM",,"https://maps.google.com/?q=50.6542429688374,-3.65456442116985&z=19"
"December 14, 2018 at 08:43AM",,"https://maps.google.com/?q=50.6542429688374,-3.65456442116985&z=19"
"December 15, 2018 at 04:43PM",,"https://maps.google.com/?q=50.6542429688374,-3.65456442116985&z=19"
"December 16, 2018 at 11:05AM",,"https://maps.google.com/?q=50.6542429688374,-3.65456442116985&z=19"
"December 16, 2018 at 11:13AM",,"https://maps.google.com/?q=50.6542429688374,-3.65456442116985&z=19"
"December 17, 2018 at 08:41AM",,"https://maps.google.com/?q=50.6542429688374,-3.65456442116985&z=19"
"December 18, 2018 at 08:29AM",,"https://maps.google.com/?q=50.6542429688374,-3.65456442116985&z=19"
"December 19, 2018 at 08:26AM",,"https://maps.google.com/?q=50.6542429688374,-3.65456442116985&z=19"
"December 20, 2018 at 08:29AM",,"https://maps.google.com/?q=50.6542429688374,-3.65456442116985&z=19"
"December 20, 2018 at 07:07PM",,"https://maps.google.com/?q=50.6542429688374,-3.65456442116985&z=19"
"December 21, 2018 at 08:41AM",,"https://maps.google.com/?q=50.6542429688374,-3.65456442116985&z=19"