"August 16, 2017 at 09:31AM",,"https://maps.google.com/?q=50.4137910801973,-4.13057565689866&z=17"
"August 17, 2017 at 09:16AM",,"https://maps.google.com/?q=50.4137910801973,-4.13057565689866&z=17"
"August 17, 2017 at 12:28PM",,"https://maps.google.com/?q=50.4137910801973,-4.13057565689866&z=17"
"August 18, 2017 at 09:18AM",,"https://maps.google.com/?q=50.4137910801973,-4.13057565689866&z=17"
"September 04, 2017 at 09:21AM",,"https://maps.google.com/?q=50.4137910801973,-4.13057565689866&z=17"
"September 05, 2017 at 09:19AM",,"https://maps.google.com/?q=50.4137910801973,-4.13057565689866&z=17"
"September 06, 2017 at 09:08AM",,"https://maps.google.com/?q=50.4137910801973,-4.13057565689866&z=17"
"September 07, 2017 at 09:19AM",,"https://maps.google.com/?q=50.4137910801973,-4.13057565689866&z=17"
"September 08, 2017 at 09:17AM",,"https://maps.google.com/?q=50.4137910801973,-4.13057565689866&z=17"
"September 11, 2017 at 09:14AM",,"https://maps.google.com/?q=50.4137910801973,-4.13057565689866&z=17"
"September 12, 2017 at 09:11AM",,"https://maps.google.com/?q=50.4137910801973,-4.13057565689866&z=17"
"September 12, 2017 at 12:20PM",,"https://maps.google.com/?q=50.4137910801973,-4.13057565689866&z=17"
"September 13, 2017 at 09:22AM",,"https://maps.google.com/?q=50.4137910801973,-4.13057565689866&z=17"
"September 14, 2017 at 09:26AM",,"https://maps.google.com/?q=50.4137910801973,-4.13057565689866&z=17"
"September 15, 2017 at 09:31AM",,"https://maps.google.com/?q=50.4137910801973,-4.13057565689866&z=17"
"September 18, 2017 at 09:19AM",,"https://maps.google.com/?q=50.4137910801973,-4.13057565689866&z=17"
"September 19, 2017 at 09:14AM",,"https://maps.google.com/?q=50.4137910801973,-4.13057565689866&z=17"
"September 20, 2017 at 09:17AM",,"https://maps.google.com/?q=50.4137910801973,-4.13057565689866&z=17"
"September 21, 2017 at 09:15AM",,"https://maps.google.com/?q=50.4137910801973,-4.13057565689866&z=17"
"September 21, 2017 at 12:58PM",,"https://maps.google.com/?q=50.4137910801973,-4.13057565689866&z=17"
"September 22, 2017 at 09:18AM",,"https://maps.google.com/?q=50.4137910801973,-4.13057565689866&z=17"
"September 22, 2017 at 12:44PM",,"https://maps.google.com/?q=50.4137910801973,-4.13057565689866&z=17"
"September 22, 2017 at 12:51PM",,"https://maps.google.com/?q=50.4137910801973,-4.13057565689866&z=17"
"September 26, 2017 at 09:19AM",,"https://maps.google.com/?q=50.4137910801973,-4.13057565689866&z=17"
"September 27, 2017 at 09:18AM",,"https://maps.google.com/?q=50.4137910801973,-4.13057565689866&z=17"
"September 28, 2017 at 09:17AM",,"https://maps.google.com/?q=50.4137910801973,-4.13057565689866&z=17"
"September 29, 2017 at 09:11AM",,"https://maps.google.com/?q=50.4137910801973,-4.13057565689866&z=17"
"September 29, 2017 at 01:28PM",,"https://maps.google.com/?q=50.4137910801973,-4.13057565689866&z=17"
"October 02, 2017 at 09:21AM",,"https://maps.google.com/?q=50.4137910801973,-4.13057565689866&z=17"
"October 02, 2017 at 12:48PM",,"https://maps.google.com/?q=50.4137910801973,-4.13057565689866&z=17"
"October 02, 2017 at 12:52PM",,"https://maps.google.com/?q=50.4137910801973,-4.13057565689866&z=17"
"October 05, 2017 at 09:22AM",,"https://maps.google.com/?q=50.4137910801973,-4.13057565689866&z=17"
"October 06, 2017 at 09:24AM",,"https://maps.google.com/?q=50.4137910801973,-4.13057565689866&z=17"
"October 09, 2017 at 09:23AM",,"https://maps.google.com/?q=50.4137910801973,-4.13057565689866&z=17"
"October 11, 2017 at 09:21AM",,"https://maps.google.com/?q=50.4137910801973,-4.13057565689866&z=17"
"October 12, 2017 at 09:16AM",,"https://maps.google.com/?q=50.4137910801973,-4.13057565689866&z=17"
"October 13, 2017 at 12:36PM",,"https://maps.google.com/?q=50.4137910801973,-4.13057565689866&z=17"
"October 16, 2017 at 09:22AM",,"https://maps.google.com/?q=50.4137910801973,-4.13057565689866&z=17"
"October 16, 2017 at 01:18PM",,"https://maps.google.com/?q=50.4137910801973,-4.13057565689866&z=17"
"October 16, 2017 at 01:24PM",,"https://maps.google.com/?q=50.4137910801973,-4.13057565689866&z=17"
"October 17, 2017 at 09:28AM",,"https://maps.google.com/?q=50.4137910801973,-4.13057565689866&z=17"
"October 17, 2017 at 12:40PM",,"https://maps.google.com/?q=50.4137910801973,-4.13057565689866&z=17"
"October 18, 2017 at 09:19AM",,"https://maps.google.com/?q=50.4137910801973,-4.13057565689866&z=17"
"October 19, 2017 at 09:15AM",,"https://maps.google.com/?q=50.4137910801973,-4.13057565689866&z=17"
"October 20, 2017 at 09:17AM",,"https://maps.google.com/?q=50.4137910801973,-4.13057565689866&z=17"
"October 30, 2017 at 09:53AM",,"https://maps.google.com/?q=50.4137910801973,-4.13057565689866&z=17"
"October 31, 2017 at 09:19AM",,"https://maps.google.com/?q=50.4137910801973,-4.13057565689866&z=17"
"November 01, 2017 at 09:22AM",,"https://maps.google.com/?q=50.4137910801973,-4.13057565689866&z=17"
"November 02, 2017 at 09:22AM",,"https://maps.google.com/?q=50.4137910801973,-4.13057565689866&z=17"
"November 03, 2017 at 09:23AM",,"https://maps.google.com/?q=50.4137910801973,-4.13057565689866&z=17"
"November 06, 2017 at 09:37AM",,"https://maps.google.com/?q=50.4137910801973,-4.13057565689866&z=17"
"November 06, 2017 at 05:36PM",,"https://maps.google.com/?q=50.4137910801973,-4.13057565689866&z=17"
"November 21, 2017 at 09:20AM",,"https://maps.google.com/?q=50.4137910801973,-4.13057565689866&z=17"
"November 22, 2017 at 09:23AM",,"https://maps.google.com/?q=50.4137910801973,-4.13057565689866&z=17"
"November 23, 2017 at 09:19AM",,"https://maps.google.com/?q=50.4137910801973,-4.13057565689866&z=17"
"November 24, 2017 at 09:18AM",,"https://maps.google.com/?q=50.4137910801973,-4.13057565689866&z=17"
"November 27, 2017 at 09:13AM",,"https://maps.google.com/?q=50.4137910801973,-4.13057565689866&z=17"
"November 28, 2017 at 09:32AM",,"https://maps.google.com/?q=50.4137910801973,-4.13057565689866&z=17"
"November 28, 2017 at 12:48PM",,"https://maps.google.com/?q=50.4137910801973,-4.13057565689866&z=17"
"November 29, 2017 at 09:17AM",,"https://maps.google.com/?q=50.4137910801973,-4.13057565689866&z=17"
"December 01, 2017 at 09:09AM",,"https://maps.google.com/?q=50.4137910801973,-4.13057565689866&z=17"
"December 01, 2017 at 12:41PM",,"https://maps.google.com/?q=50.4137910801973,-4.13057565689866&z=17"
"December 01, 2017 at 01:01PM",,"https://maps.google.com/?q=50.4137910801973,-4.13057565689866&z=17"
"December 04, 2017 at 09:16AM",,"https://maps.google.com/?q=50.4137910801973,-4.13057565689866&z=17"
"December 07, 2017 at 09:22AM",,"https://maps.google.com/?q=50.4137910801973,-4.13057565689866&z=17"
"December 11, 2017 at 09:08AM",,"https://maps.google.com/?q=50.4137910801973,-4.13057565689866&z=17"
"December 12, 2017 at 12:31PM",,"https://maps.google.com/?q=50.4137910801973,-4.13057565689866&z=17"
"December 12, 2017 at 12:40PM",,"https://maps.google.com/?q=50.4137910801973,-4.13057565689866&z=17"
"December 13, 2017 at 09:12AM",,"https://maps.google.com/?q=50.4137910801973,-4.13057565689866&z=17"
"December 14, 2017 at 09:24AM",,"https://maps.google.com/?q=50.4137910801973,-4.13057565689866&z=17"
"December 15, 2017 at 09:24AM",,"https://maps.google.com/?q=50.4137910801973,-4.13057565689866&z=17"
"December 15, 2017 at 12:43PM",,"https://maps.google.com/?q=50.4137910801973,-4.13057565689866&z=17"
"December 15, 2017 at 12:48PM",,"https://maps.google.com/?q=50.4137910801973,-4.13057565689866&z=17"
"December 18, 2017 at 09:24AM",,"https://maps.google.com/?q=50.4137910801973,-4.13057565689866&z=17"
"December 19, 2017 at 09:07AM",,"https://maps.google.com/?q=50.4137910801973,-4.13057565689866&z=17"
"December 19, 2017 at 02:04PM",,"https://maps.google.com/?q=50.4137910801973,-4.13057565689866&z=17"
"December 19, 2017 at 02:09PM",,"https://maps.google.com/?q=50.4137910801973,-4.13057565689866&z=17"
"December 20, 2017 at 09:14AM",,"https://maps.google.com/?q=50.4137910801973,-4.13057565689866&z=17"
"December 20, 2017 at 12:52PM",,"https://maps.google.com/?q=50.4137910801973,-4.13057565689866&z=17"
"December 21, 2017 at 09:05AM",,"https://maps.google.com/?q=50.4137910801973,-4.13057565689866&z=17"
"December 21, 2017 at 01:07PM",,"https://maps.google.com/?q=50.4137910801973,-4.13057565689866&z=17"
"December 21, 2017 at 01:16PM",,"https://maps.google.com/?q=50.4137910801973,-4.13057565689866&z=17"
"December 22, 2017 at 09:28AM",,"https://maps.google.com/?q=50.4137910801973,-4.13057565689866&z=17"
"December 28, 2017 at 09:43AM",,"https://maps.google.com/?q=50.4137910801973,-4.13057565689866&z=17"
"December 28, 2017 at 09:51AM",,"https://maps.google.com/?q=50.4137910801973,-4.13057565689866&z=17"
"December 29, 2017 at 09:25AM",,"https://maps.google.com/?q=50.4137910801973,-4.13057565689866&z=17"
"January 02, 2018 at 09:23AM",,"https://maps.google.com/?q=50.4137910801973,-4.13057565689866&z=17"
"January 03, 2018 at 09:16AM",,"https://maps.google.com/?q=50.4137910801973,-4.13057565689866&z=17"
"January 03, 2018 at 12:55PM",,"https://maps.google.com/?q=50.4137910801973,-4.13057565689866&z=17"
"January 04, 2018 at 09:02AM",,"https://maps.google.com/?q=50.4137910801973,-4.13057565689866&z=17"
"January 04, 2018 at 12:26PM",,"https://maps.google.com/?q=50.4137910801973,-4.13057565689866&z=17"
"January 04, 2018 at 12:43PM",,"https://maps.google.com/?q=50.4137910801973,-4.13057565689866&z=17"
"January 05, 2018 at 09:15AM",,"https://maps.google.com/?q=50.4137910801973,-4.13057565689866&z=17"
"January 08, 2018 at 09:15AM",,"https://maps.google.com/?q=50.4137910801973,-4.13057565689866&z=17"
"January 08, 2018 at 01:07PM",,"https://maps.google.com/?q=50.4137910801973,-4.13057565689866&z=17"
"January 08, 2018 at 01:29PM",,"https://maps.google.com/?q=50.4137910801973,-4.13057565689866&z=17"
"January 09, 2018 at 09:20AM",,"https://maps.google.com/?q=50.4137910801973,-4.13057565689866&z=17"
"January 10, 2018 at 09:23AM",,"https://maps.google.com/?q=50.4137910801973,-4.13057565689866&z=17"
"January 11, 2018 at 09:27AM",,"https://maps.google.com/?q=50.4137910801973,-4.13057565689866&z=17"
"January 12, 2018 at 09:22AM",,"https://maps.google.com/?q=50.4137910801973,-4.13057565689866&z=17"
"January 15, 2018 at 09:38AM",,"https://maps.google.com/?q=50.4137910801973,-4.13057565689866&z=17"
"January 15, 2018 at 01:45PM",,"https://maps.google.com/?q=50.4137910801973,-4.13057565689866&z=17"
"January 15, 2018 at 01:51PM",,"https://maps.google.com/?q=50.4137910801973,-4.13057565689866&z=17"
"January 16, 2018 at 09:30AM",,"https://maps.google.com/?q=50.4137910801973,-4.13057565689866&z=17"
"January 17, 2018 at 09:12AM",,"https://maps.google.com/?q=50.4137910801973,-4.13057565689866&z=17"
"January 18, 2018 at 09:14AM",,"https://maps.google.com/?q=50.4137910801973,-4.13057565689866&z=17"
"January 19, 2018 at 09:05AM",,"https://maps.google.com/?q=50.4137910801973,-4.13057565689866&z=17"
"January 22, 2018 at 09:25AM",,"https://maps.google.com/?q=50.4137910801973,-4.13057565689866&z=17"
"January 22, 2018 at 02:00PM",,"https://maps.google.com/?q=50.4137910801973,-4.13057565689866&z=17"
"January 23, 2018 at 09:23AM",,"https://maps.google.com/?q=50.4137910801973,-4.13057565689866&z=17"
"January 24, 2018 at 09:29AM",,"https://maps.google.com/?q=50.4137910801973,-4.13057565689866&z=17"
"January 24, 2018 at 01:27PM",,"https://maps.google.com/?q=50.4137910801973,-4.13057565689866&z=17"
"January 24, 2018 at 01:40PM",,"https://maps.google.com/?q=50.4137910801973,-4.13057565689866&z=17"
"January 25, 2018 at 09:15AM",,"https://maps.google.com/?q=50.4137910801973,-4.13057565689866&z=17"
"January 26, 2018 at 09:21AM",,"https://maps.google.com/?q=50.4137910801973,-4.13057565689866&z=17"
"January 26, 2018 at 01:46PM",,"https://maps.google.com/?q=50.4137910801973,-4.13057565689866&z=17"
"January 29, 2018 at 09:21AM",,"https://maps.google.com/?q=50.4137910801973,-4.13057565689866&z=17"
"January 30, 2018 at 09:15AM",,"https://maps.google.com/?q=50.4137910801973,-4.13057565689866&z=17"