"August 16, 2017 at 09:20AM",,"https://maps.google.com/?q=50.4186552979022,-4.11884869999989&z=14"
"August 16, 2017 at 09:26AM",,"https://maps.google.com/?q=50.4186552979022,-4.11884869999989&z=14"
"August 17, 2017 at 09:05AM",,"https://maps.google.com/?q=50.4186552979022,-4.11884869999989&z=14"
"August 18, 2017 at 09:10AM",,"https://maps.google.com/?q=50.4186552979022,-4.11884869999989&z=14"
"September 04, 2017 at 09:11AM",,"https://maps.google.com/?q=50.4186552979022,-4.11884869999989&z=14"
"September 05, 2017 at 09:07AM",,"https://maps.google.com/?q=50.4186552979022,-4.11884869999989&z=14"
"September 06, 2017 at 09:00AM",,"https://maps.google.com/?q=50.4186552979022,-4.11884869999989&z=14"
"September 07, 2017 at 09:12AM",,"https://maps.google.com/?q=50.4186552979022,-4.11884869999989&z=14"
"September 08, 2017 at 09:10AM",,"https://maps.google.com/?q=50.4186552979022,-4.11884869999989&z=14"
"September 11, 2017 at 09:04AM",,"https://maps.google.com/?q=50.4186552979022,-4.11884869999989&z=14"
"September 11, 2017 at 09:09AM",,"https://maps.google.com/?q=50.4186552979022,-4.11884869999989&z=14"
"September 12, 2017 at 09:06AM",,"https://maps.google.com/?q=50.4186552979022,-4.11884869999989&z=14"
"September 13, 2017 at 09:12AM",,"https://maps.google.com/?q=50.4186552979022,-4.11884869999989&z=14"
"September 13, 2017 at 09:17AM",,"https://maps.google.com/?q=50.4186552979022,-4.11884869999989&z=14"
"September 14, 2017 at 09:16AM",,"https://maps.google.com/?q=50.4186552979022,-4.11884869999989&z=14"
"September 15, 2017 at 09:26AM",,"https://maps.google.com/?q=50.4186552979022,-4.11884869999989&z=14"
"September 18, 2017 at 09:15AM",,"https://maps.google.com/?q=50.4186552979022,-4.11884869999989&z=14"
"September 19, 2017 at 09:10AM",,"https://maps.google.com/?q=50.4186552979022,-4.11884869999989&z=14"
"September 20, 2017 at 09:04AM",,"https://maps.google.com/?q=50.4186552979022,-4.11884869999989&z=14"
"September 21, 2017 at 09:05AM",,"https://maps.google.com/?q=50.4186552979022,-4.11884869999989&z=14"
"September 21, 2017 at 09:08AM",,"https://maps.google.com/?q=50.4186552979022,-4.11884869999989&z=14"
"September 22, 2017 at 09:08AM",,"https://maps.google.com/?q=50.4186552979022,-4.11884869999989&z=14"
"September 22, 2017 at 09:13AM",,"https://maps.google.com/?q=50.4186552979022,-4.11884869999989&z=14"
"September 26, 2017 at 09:07AM",,"https://maps.google.com/?q=50.4186552979022,-4.11884869999989&z=14"
"September 27, 2017 at 09:04AM",,"https://maps.google.com/?q=50.4186552979022,-4.11884869999989&z=14"
"September 27, 2017 at 09:13AM",,"https://maps.google.com/?q=50.4186552979022,-4.11884869999989&z=14"
"September 28, 2017 at 09:04AM",,"https://maps.google.com/?q=50.4186552979022,-4.11884869999989&z=14"
"September 29, 2017 at 09:07AM",,"https://maps.google.com/?q=50.4186552979022,-4.11884869999989&z=14"
"October 02, 2017 at 09:12AM",,"https://maps.google.com/?q=50.4186552979022,-4.11884869999989&z=14"
"October 02, 2017 at 09:16AM",,"https://maps.google.com/?q=50.4186552979022,-4.11884869999989&z=14"
"October 05, 2017 at 09:13AM",,"https://maps.google.com/?q=50.4186552979022,-4.11884869999989&z=14"
"October 05, 2017 at 09:18AM",,"https://maps.google.com/?q=50.4186552979022,-4.11884869999989&z=14"
"October 06, 2017 at 09:14AM",,"https://maps.google.com/?q=50.4186552979022,-4.11884869999989&z=14"
"October 09, 2017 at 09:12AM",,"https://maps.google.com/?q=50.4186552979022,-4.11884869999989&z=14"
"October 09, 2017 at 09:17AM",,"https://maps.google.com/?q=50.4186552979022,-4.11884869999989&z=14"
"October 09, 2017 at 05:38PM",,"https://maps.google.com/?q=50.4186552979022,-4.11884869999989&z=14"
"October 10, 2017 at 09:28AM",,"https://maps.google.com/?q=50.4186552979022,-4.11884869999989&z=14"
"October 10, 2017 at 09:34AM",,"https://maps.google.com/?q=50.4186552979022,-4.11884869999989&z=14"
"October 11, 2017 at 09:11AM",,"https://maps.google.com/?q=50.4186552979022,-4.11884869999989&z=14"
"October 11, 2017 at 09:17AM",,"https://maps.google.com/?q=50.4186552979022,-4.11884869999989&z=14"
"October 12, 2017 at 09:02AM",,"https://maps.google.com/?q=50.4186552979022,-4.11884869999989&z=14"
"October 12, 2017 at 09:10AM",,"https://maps.google.com/?q=50.4186552979022,-4.11884869999989&z=14"
"October 13, 2017 at 12:26PM",,"https://maps.google.com/?q=50.4186552979022,-4.11884869999989&z=14"
"October 13, 2017 at 12:31PM",,"https://maps.google.com/?q=50.4186552979022,-4.11884869999989&z=14"
"October 16, 2017 at 09:13AM",,"https://maps.google.com/?q=50.4186552979022,-4.11884869999989&z=14"
"October 16, 2017 at 09:17AM",,"https://maps.google.com/?q=50.4186552979022,-4.11884869999989&z=14"
"October 17, 2017 at 09:14AM",,"https://maps.google.com/?q=50.4186552979022,-4.11884869999989&z=14"
"October 18, 2017 at 09:07AM",,"https://maps.google.com/?q=50.4186552979022,-4.11884869999989&z=14"
"October 19, 2017 at 09:07AM",,"https://maps.google.com/?q=50.4186552979022,-4.11884869999989&z=14"
"October 20, 2017 at 09:11AM",,"https://maps.google.com/?q=50.4186552979022,-4.11884869999989&z=14"
"October 30, 2017 at 09:44AM",,"https://maps.google.com/?q=50.4186552979022,-4.11884869999989&z=14"
"October 30, 2017 at 09:49AM",,"https://maps.google.com/?q=50.4186552979022,-4.11884869999989&z=14"
"October 31, 2017 at 09:09AM",,"https://maps.google.com/?q=50.4186552979022,-4.11884869999989&z=14"
"November 01, 2017 at 09:16AM",,"https://maps.google.com/?q=50.4186552979022,-4.11884869999989&z=14"
"November 02, 2017 at 09:17AM",,"https://maps.google.com/?q=50.4186552979022,-4.11884869999989&z=14"
"November 03, 2017 at 09:13AM",,"https://maps.google.com/?q=50.4186552979022,-4.11884869999989&z=14"
"November 03, 2017 at 09:19AM",,"https://maps.google.com/?q=50.4186552979022,-4.11884869999989&z=14"
"November 06, 2017 at 09:27AM",,"https://maps.google.com/?q=50.4186552979022,-4.11884869999989&z=14"
"November 21, 2017 at 09:08AM",,"https://maps.google.com/?q=50.4186552979022,-4.11884869999989&z=14"
"November 21, 2017 at 09:16AM",,"https://maps.google.com/?q=50.4186552979022,-4.11884869999989&z=14"
"November 22, 2017 at 09:12AM",,"https://maps.google.com/?q=50.4186552979022,-4.11884869999989&z=14"
"November 23, 2017 at 09:12AM",,"https://maps.google.com/?q=50.4186552979022,-4.11884869999989&z=14"
"November 24, 2017 at 09:07AM",,"https://maps.google.com/?q=50.4186552979022,-4.11884869999989&z=14"
"November 24, 2017 at 09:14AM",,"https://maps.google.com/?q=50.4186552979022,-4.11884869999989&z=14"
"November 27, 2017 at 09:06AM",,"https://maps.google.com/?q=50.4186552979022,-4.11884869999989&z=14"
"November 27, 2017 at 09:09AM",,"https://maps.google.com/?q=50.4186552979022,-4.11884869999989&z=14"
"November 28, 2017 at 09:19AM",,"https://maps.google.com/?q=50.4186552979022,-4.11884869999989&z=14"
"November 29, 2017 at 09:06AM",,"https://maps.google.com/?q=50.4186552979022,-4.11884869999989&z=14"
"November 30, 2017 at 09:13AM",,"https://maps.google.com/?q=50.4186552979022,-4.11884869999989&z=14"
"November 30, 2017 at 09:16AM",,"https://maps.google.com/?q=50.4186552979022,-4.11884869999989&z=14"
"November 30, 2017 at 05:56PM",,"https://maps.google.com/?q=50.4186552979022,-4.11884869999989&z=14"
"December 01, 2017 at 09:02AM",,"https://maps.google.com/?q=50.4186552979022,-4.11884869999989&z=14"
"December 04, 2017 at 09:05AM",,"https://maps.google.com/?q=50.4186552979022,-4.11884869999989&z=14"
"December 07, 2017 at 09:17AM",,"https://maps.google.com/?q=50.4186552979022,-4.11884869999989&z=14"
"December 11, 2017 at 08:58AM",,"https://maps.google.com/?q=50.4186552979022,-4.11884869999989&z=14"
"December 11, 2017 at 09:03AM",,"https://maps.google.com/?q=50.4186552979022,-4.11884869999989&z=14"
"December 12, 2017 at 09:08AM",,"https://maps.google.com/?q=50.4186552979022,-4.11884869999989&z=14"
"December 12, 2017 at 09:15AM",,"https://maps.google.com/?q=50.4186552979022,-4.11884869999989&z=14"
"December 13, 2017 at 09:06AM",,"https://maps.google.com/?q=50.4186552979022,-4.11884869999989&z=14"
"December 14, 2017 at 09:13AM",,"https://maps.google.com/?q=50.4186552979022,-4.11884869999989&z=14"
"December 14, 2017 at 09:17AM",,"https://maps.google.com/?q=50.4186552979022,-4.11884869999989&z=14"
"December 15, 2017 at 09:13AM",,"https://maps.google.com/?q=50.4186552979022,-4.11884869999989&z=14"
"December 18, 2017 at 09:19AM",,"https://maps.google.com/?q=50.4186552979022,-4.11884869999989&z=14"
"December 19, 2017 at 08:59AM",,"https://maps.google.com/?q=50.4186552979022,-4.11884869999989&z=14"
"December 19, 2017 at 09:03AM",,"https://maps.google.com/?q=50.4186552979022,-4.11884869999989&z=14"
"December 20, 2017 at 09:04AM",,"https://maps.google.com/?q=50.4186552979022,-4.11884869999989&z=14"
"December 20, 2017 at 09:09AM",,"https://maps.google.com/?q=50.4186552979022,-4.11884869999989&z=14"
"December 21, 2017 at 08:56AM",,"https://maps.google.com/?q=50.4186552979022,-4.11884869999989&z=14"
"December 21, 2017 at 09:00AM",,"https://maps.google.com/?q=50.4186552979022,-4.11884869999989&z=14"
"December 21, 2017 at 09:23PM",,"https://maps.google.com/?q=50.4186552979022,-4.11884869999989&z=14"
"December 22, 2017 at 09:19AM",,"https://maps.google.com/?q=50.4186552979022,-4.11884869999989&z=14"
"December 22, 2017 at 09:24AM",,"https://maps.google.com/?q=50.4186552979022,-4.11884869999989&z=14"
"December 28, 2017 at 09:29AM",,"https://maps.google.com/?q=50.4186552979022,-4.11884869999989&z=14"
"December 28, 2017 at 09:33AM",,"https://maps.google.com/?q=50.4186552979022,-4.11884869999989&z=14"
"December 29, 2017 at 09:16AM",,"https://maps.google.com/?q=50.4186552979022,-4.11884869999989&z=14"
"December 29, 2017 at 09:21AM",,"https://maps.google.com/?q=50.4186552979022,-4.11884869999989&z=14"
"January 02, 2018 at 09:14AM",,"https://maps.google.com/?q=50.4186552979022,-4.11884869999989&z=14"
"January 02, 2018 at 09:19AM",,"https://maps.google.com/?q=50.4186552979022,-4.11884869999989&z=14"
"January 03, 2018 at 09:07AM",,"https://maps.google.com/?q=50.4186552979022,-4.11884869999989&z=14"
"January 03, 2018 at 09:12AM",,"https://maps.google.com/?q=50.4186552979022,-4.11884869999989&z=14"
"January 04, 2018 at 08:52AM",,"https://maps.google.com/?q=50.4186552979022,-4.11884869999989&z=14"
"January 04, 2018 at 08:57AM",,"https://maps.google.com/?q=50.4186552979022,-4.11884869999989&z=14"
"January 05, 2018 at 09:06AM",,"https://maps.google.com/?q=50.4186552979022,-4.11884869999989&z=14"
"January 05, 2018 at 09:10AM",,"https://maps.google.com/?q=50.4186552979022,-4.11884869999989&z=14"
"January 08, 2018 at 09:05AM",,"https://maps.google.com/?q=50.4186552979022,-4.11884869999989&z=14"
"January 08, 2018 at 09:10AM",,"https://maps.google.com/?q=50.4186552979022,-4.11884869999989&z=14"
"January 09, 2018 at 09:09AM",,"https://maps.google.com/?q=50.4186552979022,-4.11884869999989&z=14"
"January 09, 2018 at 09:15AM",,"https://maps.google.com/?q=50.4186552979022,-4.11884869999989&z=14"
"January 10, 2018 at 09:14AM",,"https://maps.google.com/?q=50.4186552979022,-4.11884869999989&z=14"
"January 10, 2018 at 09:19AM",,"https://maps.google.com/?q=50.4186552979022,-4.11884869999989&z=14"
"January 11, 2018 at 09:17AM",,"https://maps.google.com/?q=50.4186552979022,-4.11884869999989&z=14"
"January 11, 2018 at 09:22AM",,"https://maps.google.com/?q=50.4186552979022,-4.11884869999989&z=14"
"January 12, 2018 at 09:18AM",,"https://maps.google.com/?q=50.4186552979022,-4.11884869999989&z=14"
"January 15, 2018 at 09:27AM",,"https://maps.google.com/?q=50.4186552979022,-4.11884869999989&z=14"
"January 16, 2018 at 09:16AM",,"https://maps.google.com/?q=50.4186552979022,-4.11884869999989&z=14"
"January 16, 2018 at 09:25AM",,"https://maps.google.com/?q=50.4186552979022,-4.11884869999989&z=14"
"January 17, 2018 at 08:56AM",,"https://maps.google.com/?q=50.4186552979022,-4.11884869999989&z=14"
"January 17, 2018 at 09:06AM",,"https://maps.google.com/?q=50.4186552979022,-4.11884869999989&z=14"
"January 18, 2018 at 09:02AM",,"https://maps.google.com/?q=50.4186552979022,-4.11884869999989&z=14"
"January 18, 2018 at 09:08AM",,"https://maps.google.com/?q=50.4186552979022,-4.11884869999989&z=14"
"January 19, 2018 at 08:56AM",,"https://maps.google.com/?q=50.4186552979022,-4.11884869999989&z=14"
"January 19, 2018 at 09:01AM",,"https://maps.google.com/?q=50.4186552979022,-4.11884869999989&z=14"
"January 22, 2018 at 09:15AM",,"https://maps.google.com/?q=50.4186552979022,-4.11884869999989&z=14"
"January 22, 2018 at 09:20AM",,"https://maps.google.com/?q=50.4186552979022,-4.11884869999989&z=14"
"January 23, 2018 at 09:07AM",,"https://maps.google.com/?q=50.4186552979022,-4.11884869999989&z=14"
"January 23, 2018 at 09:18AM",,"https://maps.google.com/?q=50.4186552979022,-4.11884869999989&z=14"
"January 24, 2018 at 09:10AM",,"https://maps.google.com/?q=50.4186552979022,-4.11884869999989&z=14"
"January 24, 2018 at 09:23AM",,"https://maps.google.com/?q=50.4186552979022,-4.11884869999989&z=14"
"January 25, 2018 at 09:01AM",,"https://maps.google.com/?q=50.4186552979022,-4.11884869999989&z=14"
"January 25, 2018 at 09:10AM",,"https://maps.google.com/?q=50.4186552979022,-4.11884869999989&z=14"
"January 26, 2018 at 09:09AM",,"https://maps.google.com/?q=50.4186552979022,-4.11884869999989&z=14"
"January 26, 2018 at 09:16AM",,"https://maps.google.com/?q=50.4186552979022,-4.11884869999989&z=14"
"January 29, 2018 at 09:09AM",,"https://maps.google.com/?q=50.4186552979022,-4.11884869999989&z=14"
"January 29, 2018 at 09:17AM",,"https://maps.google.com/?q=50.4186552979022,-4.11884869999989&z=14"
"January 30, 2018 at 08:47AM",,"https://maps.google.com/?q=50.4186552979022,-4.11884869999989&z=14"
"January 30, 2018 at 09:08AM",,"https://maps.google.com/?q=50.4186552979022,-4.11884869999989&z=14"