"August 16, 2017 at 08:33AM",,"https://maps.google.com/?q=50.6542429688374,-3.65456442116985&z=19"
"August 17, 2017 at 08:30AM",,"https://maps.google.com/?q=50.6542429688374,-3.65456442116985&z=19"
"August 18, 2017 at 08:31AM",,"https://maps.google.com/?q=50.6542429688374,-3.65456442116985&z=19"
"August 18, 2017 at 08:38PM",,"https://maps.google.com/?q=50.6542429688374,-3.65456442116985&z=19"
"August 19, 2017 at 02:29PM",,"https://maps.google.com/?q=50.6542429688374,-3.65456442116985&z=19"
"September 03, 2017 at 11:11AM",,"https://maps.google.com/?q=50.6542429688374,-3.65456442116985&z=19"
"September 04, 2017 at 08:35AM",,"https://maps.google.com/?q=50.6542429688374,-3.65456442116985&z=19"
"September 05, 2017 at 08:28AM",,"https://maps.google.com/?q=50.6542429688374,-3.65456442116985&z=19"
"September 06, 2017 at 08:25AM",,"https://maps.google.com/?q=50.6542429688374,-3.65456442116985&z=19"
"September 07, 2017 at 08:33AM",,"https://maps.google.com/?q=50.6542429688374,-3.65456442116985&z=19"
"September 08, 2017 at 08:33AM",,"https://maps.google.com/?q=50.6542429688374,-3.65456442116985&z=19"
"September 10, 2017 at 12:23PM",,"https://maps.google.com/?q=50.6542429688374,-3.65456442116985&z=19"
"September 11, 2017 at 08:26AM",,"https://maps.google.com/?q=50.6542429688374,-3.65456442116985&z=19"
"September 12, 2017 at 08:22AM",,"https://maps.google.com/?q=50.6542429688374,-3.65456442116985&z=19"
"September 13, 2017 at 08:28AM",,"https://maps.google.com/?q=50.6542429688374,-3.65456442116985&z=19"
"September 14, 2017 at 08:43AM",,"https://maps.google.com/?q=50.6542429688374,-3.65456442116985&z=19"
"September 15, 2017 at 08:42AM",,"https://maps.google.com/?q=50.6542429688374,-3.65456442116985&z=19"
"September 16, 2017 at 11:35AM",,"https://maps.google.com/?q=50.6542429688374,-3.65456442116985&z=19"
"September 17, 2017 at 05:00PM",,"https://maps.google.com/?q=50.6542429688374,-3.65456442116985&z=19"
"September 18, 2017 at 08:33AM",,"https://maps.google.com/?q=50.6542429688374,-3.65456442116985&z=19"
"September 19, 2017 at 08:29AM",,"https://maps.google.com/?q=50.6542429688374,-3.65456442116985&z=19"
"September 20, 2017 at 08:33AM",,"https://maps.google.com/?q=50.6542429688374,-3.65456442116985&z=19"
"September 21, 2017 at 08:24AM",,"https://maps.google.com/?q=50.6542429688374,-3.65456442116985&z=19"
"September 22, 2017 at 08:33AM",,"https://maps.google.com/?q=50.6542429688374,-3.65456442116985&z=19"
"September 25, 2017 at 08:57AM",,"https://maps.google.com/?q=50.6542429688374,-3.65456442116985&z=19"
"September 25, 2017 at 09:01AM",,"https://maps.google.com/?q=50.6542429688374,-3.65456442116985&z=19"
"September 26, 2017 at 08:29AM",,"https://maps.google.com/?q=50.6542429688374,-3.65456442116985&z=19"
"September 27, 2017 at 08:27AM",,"https://maps.google.com/?q=50.6542429688374,-3.65456442116985&z=19"
"September 28, 2017 at 08:26AM",,"https://maps.google.com/?q=50.6542429688374,-3.65456442116985&z=19"
"September 29, 2017 at 08:26AM",,"https://maps.google.com/?q=50.6542429688374,-3.65456442116985&z=19"
"September 30, 2017 at 11:36AM",,"https://maps.google.com/?q=50.6542429688374,-3.65456442116985&z=19"
"October 01, 2017 at 11:29AM",,"https://maps.google.com/?q=50.6542429688374,-3.65456442116985&z=19"
"October 02, 2017 at 08:33AM",,"https://maps.google.com/?q=50.6542429688374,-3.65456442116985&z=19"
"October 03, 2017 at 12:58PM",,"https://maps.google.com/?q=50.6542429688374,-3.65456442116985&z=19"
"October 05, 2017 at 08:35AM",,"https://maps.google.com/?q=50.6542429688374,-3.65456442116985&z=19"
"October 06, 2017 at 08:37AM",,"https://maps.google.com/?q=50.6542429688374,-3.65456442116985&z=19"
"October 08, 2017 at 12:18PM",,"https://maps.google.com/?q=50.6542429688374,-3.65456442116985&z=19"
"October 09, 2017 at 08:31AM",,"https://maps.google.com/?q=50.6542429688374,-3.65456442116985&z=19"
"October 10, 2017 at 08:35AM",,"https://maps.google.com/?q=50.6542429688374,-3.65456442116985&z=19"
"October 11, 2017 at 08:36AM",,"https://maps.google.com/?q=50.6542429688374,-3.65456442116985&z=19"
"October 12, 2017 at 08:27AM",,"https://maps.google.com/?q=50.6542429688374,-3.65456442116985&z=19"
"October 14, 2017 at 11:21AM",,"https://maps.google.com/?q=50.6542429688374,-3.65456442116985&z=19"
"October 15, 2017 at 01:17PM",,"https://maps.google.com/?q=50.6542429688374,-3.65456442116985&z=19"
"October 16, 2017 at 08:34AM",,"https://maps.google.com/?q=50.6542429688374,-3.65456442116985&z=19"
"October 17, 2017 at 08:35AM",,"https://maps.google.com/?q=50.6542429688374,-3.65456442116985&z=19"
"October 18, 2017 at 08:28AM",,"https://maps.google.com/?q=50.6542429688374,-3.65456442116985&z=19"
"October 19, 2017 at 08:26AM",,"https://maps.google.com/?q=50.6542429688374,-3.65456442116985&z=19"
"October 20, 2017 at 08:32AM",,"https://maps.google.com/?q=50.6542429688374,-3.65456442116985&z=19"
"October 20, 2017 at 06:37PM",,"https://maps.google.com/?q=50.6542429688374,-3.65456442116985&z=19"
"October 30, 2017 at 07:40AM",,"https://maps.google.com/?q=50.6542429688374,-3.65456442116985&z=19"
"October 31, 2017 at 08:36AM",,"https://maps.google.com/?q=50.6542429688374,-3.65456442116985&z=19"
"November 01, 2017 at 08:36AM",,"https://maps.google.com/?q=50.6542429688374,-3.65456442116985&z=19"
"November 02, 2017 at 08:37AM",,"https://maps.google.com/?q=50.6542429688374,-3.65456442116985&z=19"
"November 03, 2017 at 08:36AM",,"https://maps.google.com/?q=50.6542429688374,-3.65456442116985&z=19"
"November 04, 2017 at 11:42AM",,"https://maps.google.com/?q=50.6542429688374,-3.65456442116985&z=19"
"November 04, 2017 at 06:07PM",,"https://maps.google.com/?q=50.6542429688374,-3.65456442116985&z=19"
"November 05, 2017 at 01:20PM",,"https://maps.google.com/?q=50.6542429688374,-3.65456442116985&z=19"
"November 06, 2017 at 08:35AM",,"https://maps.google.com/?q=50.6542429688374,-3.65456442116985&z=19"
"November 07, 2017 at 11:10AM","=IMAGE(""http://maps.google.com/maps/api/staticmap?center=50.6542429688374,-3.65456442116985&zoom=18&size=640x640&scale=1&maptype=roadmap&sensor=false&markers=color:red%7C50.6542429688374,-3.65456442116985"";1)","https://maps.google.com/?q=50.6542429688374,-3.65456442116985&z=19"
"November 20, 2017 at 08:10AM",,"https://maps.google.com/?q=50.6542429688374,-3.65456442116985&z=19"
"November 20, 2017 at 05:57PM",,"https://maps.google.com/?q=50.6542429688374,-3.65456442116985&z=19"
"November 21, 2017 at 08:33AM",,"https://maps.google.com/?q=50.6542429688374,-3.65456442116985&z=19"
"November 22, 2017 at 08:39AM",,"https://maps.google.com/?q=50.6542429688374,-3.65456442116985&z=19"
"November 23, 2017 at 08:34AM",,"https://maps.google.com/?q=50.6542429688374,-3.65456442116985&z=19"
"November 24, 2017 at 08:31AM",,"https://maps.google.com/?q=50.6542429688374,-3.65456442116985&z=19"
"November 25, 2017 at 10:58AM",,"https://maps.google.com/?q=50.6542429688374,-3.65456442116985&z=19"
"November 25, 2017 at 11:07AM",,"https://maps.google.com/?q=50.6542429688374,-3.65456442116985&z=19"
"November 26, 2017 at 04:23PM",,"https://maps.google.com/?q=50.6542429688374,-3.65456442116985&z=19"
"November 27, 2017 at 08:26AM",,"https://maps.google.com/?q=50.6542429688374,-3.65456442116985&z=19"
"November 28, 2017 at 08:42AM",,"https://maps.google.com/?q=50.6542429688374,-3.65456442116985&z=19"
"November 29, 2017 at 08:27AM",,"https://maps.google.com/?q=50.6542429688374,-3.65456442116985&z=19"
"November 30, 2017 at 08:34AM",,"https://maps.google.com/?q=50.6542429688374,-3.65456442116985&z=19"
"December 01, 2017 at 08:21AM",,"https://maps.google.com/?q=50.6542429688374,-3.65456442116985&z=19"
"December 04, 2017 at 08:26AM",,"https://maps.google.com/?q=50.6542429688374,-3.65456442116985&z=19"
"December 05, 2017 at 04:23PM",,"https://maps.google.com/?q=50.6542429688374,-3.65456442116985&z=19"
"December 07, 2017 at 08:31AM",,"https://maps.google.com/?q=50.6542429688374,-3.65456442116985&z=19"
"December 08, 2017 at 02:18PM",,"https://maps.google.com/?q=50.6542429688374,-3.65456442116985&z=19"
"December 09, 2017 at 11:42AM",,"https://maps.google.com/?q=50.6542429688374,-3.65456442116985&z=19"
"December 09, 2017 at 02:58PM",,"https://maps.google.com/?q=50.6542429688374,-3.65456442116985&z=19"
"December 10, 2017 at 04:40PM",,"https://maps.google.com/?q=50.6542429688374,-3.65456442116985&z=19"
"December 11, 2017 at 08:15AM",,"https://maps.google.com/?q=50.6542429688374,-3.65456442116985&z=19"
"December 12, 2017 at 08:31AM",,"https://maps.google.com/?q=50.6542429688374,-3.65456442116985&z=19"
"December 13, 2017 at 08:23AM",,"https://maps.google.com/?q=50.6542429688374,-3.65456442116985&z=19"
"December 14, 2017 at 08:35AM",,"https://maps.google.com/?q=50.6542429688374,-3.65456442116985&z=19"
"December 15, 2017 at 08:34AM",,"https://maps.google.com/?q=50.6542429688374,-3.65456442116985&z=19"
"December 16, 2017 at 01:45PM",,"https://maps.google.com/?q=50.6542429688374,-3.65456442116985&z=19"
"December 17, 2017 at 11:42AM",,"https://maps.google.com/?q=50.6542429688374,-3.65456442116985&z=19"
"December 18, 2017 at 08:36AM",,"https://maps.google.com/?q=50.6542429688374,-3.65456442116985&z=19"
"December 19, 2017 at 08:16AM",,"https://maps.google.com/?q=50.6542429688374,-3.65456442116985&z=19"
"December 20, 2017 at 08:26AM",,"https://maps.google.com/?q=50.6542429688374,-3.65456442116985&z=19"
"December 21, 2017 at 08:20AM",,"https://maps.google.com/?q=50.6542429688374,-3.65456442116985&z=19"
"December 22, 2017 at 08:39AM",,"https://maps.google.com/?q=50.6542429688374,-3.65456442116985&z=19"
"December 23, 2017 at 10:58AM",,"https://maps.google.com/?q=50.6542429688374,-3.65456442116985&z=19"
"December 27, 2017 at 01:17PM",,"https://maps.google.com/?q=50.6542429688374,-3.65456442116985&z=19"
"December 28, 2017 at 08:54AM",,"https://maps.google.com/?q=50.6542429688374,-3.65456442116985&z=19"
"December 29, 2017 at 08:36AM",,"https://maps.google.com/?q=50.6542429688374,-3.65456442116985&z=19"
"December 29, 2017 at 05:57PM",,"https://maps.google.com/?q=50.6542429688374,-3.65456442116985&z=19"
"December 30, 2017 at 09:35AM",,"https://maps.google.com/?q=50.6542429688374,-3.65456442116985&z=19"
"December 30, 2017 at 05:06PM",,"https://maps.google.com/?q=50.6542429688374,-3.65456442116985&z=19"
"December 30, 2017 at 05:23PM",,"https://maps.google.com/?q=50.6542429688374,-3.65456442116985&z=19"
"January 01, 2018 at 11:59AM",,"https://maps.google.com/?q=50.6542429688374,-3.65456442116985&z=19"
"January 01, 2018 at 12:03PM",,"https://maps.google.com/?q=50.6542429688374,-3.65456442116985&z=19"
"January 02, 2018 at 08:34AM",,"https://maps.google.com/?q=50.6542429688374,-3.65456442116985&z=19"
"January 03, 2018 at 08:28AM",,"https://maps.google.com/?q=50.6542429688374,-3.65456442116985&z=19"
"January 04, 2018 at 08:14AM",,"https://maps.google.com/?q=50.6542429688374,-3.65456442116985&z=19"
"January 05, 2018 at 08:28AM",,"https://maps.google.com/?q=50.6542429688374,-3.65456442116985&z=19"
"January 06, 2018 at 01:58PM",,"https://maps.google.com/?q=50.6542429688374,-3.65456442116985&z=19"
"January 07, 2018 at 11:22AM",,"https://maps.google.com/?q=50.6542429688374,-3.65456442116985&z=19"
"January 08, 2018 at 08:27AM",,"https://maps.google.com/?q=50.6542429688374,-3.65456442116985&z=19"
"January 09, 2018 at 08:29AM",,"https://maps.google.com/?q=50.6542429688374,-3.65456442116985&z=19"
"January 10, 2018 at 08:36AM",,"https://maps.google.com/?q=50.6542429688374,-3.65456442116985&z=19"
"January 11, 2018 at 08:39AM",,"https://maps.google.com/?q=50.6542429688374,-3.65456442116985&z=19"
"January 12, 2018 at 08:35AM",,"https://maps.google.com/?q=50.6542429688374,-3.65456442116985&z=19"
"January 13, 2018 at 11:53AM",,"https://maps.google.com/?q=50.6542429688374,-3.65456442116985&z=19"
"January 14, 2018 at 02:16PM",,"https://maps.google.com/?q=50.6542429688374,-3.65456442116985&z=19"
"January 15, 2018 at 08:31AM",,"https://maps.google.com/?q=50.6542429688374,-3.65456442116985&z=19"
"January 16, 2018 at 08:29AM",,"https://maps.google.com/?q=50.6542429688374,-3.65456442116985&z=19"
"January 17, 2018 at 08:16AM",,"https://maps.google.com/?q=50.6542429688374,-3.65456442116985&z=19"
"January 18, 2018 at 08:22AM",,"https://maps.google.com/?q=50.6542429688374,-3.65456442116985&z=19"
"January 19, 2018 at 08:10AM",,"https://maps.google.com/?q=50.6542429688374,-3.65456442116985&z=19"
"January 21, 2018 at 01:36PM",,"https://maps.google.com/?q=50.6542429688374,-3.65456442116985&z=19"
"January 22, 2018 at 08:33AM",,"https://maps.google.com/?q=50.6542429688374,-3.65456442116985&z=19"
"January 23, 2018 at 08:28AM",,"https://maps.google.com/?q=50.6542429688374,-3.65456442116985&z=19"
"January 24, 2018 at 08:32AM",,"https://maps.google.com/?q=50.6542429688374,-3.65456442116985&z=19"
"January 25, 2018 at 08:22AM",,"https://maps.google.com/?q=50.6542429688374,-3.65456442116985&z=19"
"January 26, 2018 at 08:31AM",,"https://maps.google.com/?q=50.6542429688374,-3.65456442116985&z=19"
"January 27, 2018 at 11:46AM",,"https://maps.google.com/?q=50.6542429688374,-3.65456442116985&z=19"
"January 28, 2018 at 12:39PM",,"https://maps.google.com/?q=50.6542429688374,-3.65456442116985&z=19"
"January 29, 2018 at 08:28AM",,"https://maps.google.com/?q=50.6542429688374,-3.65456442116985&z=19"
"January 30, 2018 at 08:09AM",,"https://maps.google.com/?q=50.6542429688374,-3.65456442116985&z=19"